Material;NOBB nummer;Material                          ;Priser 01.04.2017;Enhet;;;
144029;50378073;*KOMPLETT BESLAG 0-13GR 1,5M 46X46 SORT;4169;ST;;;
148918;51557164;*KOMPLETT BESLAG 0-13GR Ø250 46X46 SORT*;4424;ST;;;
144026;50378054;*KOMPLETT BESLAG 10-45GR 1,5M 46X46 SORT;4447;ST;;;
148925;51557172;*KOMPLETT BESLAG 10-45GR Ø250 46X46 SORT;4702;ST;;;
146592;51015924;*KOMPLETT BESLAG MØNE 46X46 SORT*;4893;ST;;;
Må opprettes;Må opprettes;*KOMPLETT BESLAG MØNE Ø250 46X46 SORT*;5148;ST;Avventer opprettelse;;
149780;51914452;*STØTTESTAG KOMPLETT BLANK Ø250*;1989;ST;;;
149781;51914463;*STØTTESTAG KOMPLETT BLANK Ø300*;2015;ST;;;
149782;51914478;*STØTTESTAG KOMPLETT BLANK Ø350*;2040;ST;;;
149879;52003700;*STØTTESTAG KOMPLETT SORT Ø250*;1989;ST;;;
149880;52003715;*STØTTESTAG KOMPLETT SORT Ø300*;2015;ST;;;
149881;52003726;*STØTTESTAG KOMPLETT SORT Ø350*;2040;ST;;;
101194;;ADAPTER TIL LYDDEMPER HANN Ø180 ICS25;650;ST;;;
101180;;ADAPTER TIL LYDDEMPER HUNN Ø180 ICS25;650;ST;;;
149827;51953663;ARMERINGSDUK;45;M;Ingen endring;;
149829;51951953;ARMERINGSHJØRNER;75;ST;Ingen endring;;
102629;21771985;ARMERINGSJERN 100CM;135;ST;;;
146794;51357112;ASKERIST CURVE MG06-331;377;ST;;;
146793;51357104;ASKERIST RADIUS 7076-023;422;ST;;;
146795;51357123;ASKESKUFF CURVE MG06-121;1222;ST;;;
146648;51066237;ASKESKUFF RADIUS MG08-191;1222;ST;;;
103687;47276615;AVDEKNING VENTILERT Ø130-Ø150 PPL;480;ST;;;
103688;47276626;AVDEKNING VENTILERT Ø180-Ø200 PPL;572;ST;;;
103686;47376121;AVDEKNING VENTILERT Ø80-Ø100 PPL;456;ST;;;
136931;27810902;AVDEKNINGSPLATE 110X160 OVAL;820;ST;;;
103674;27808898;AVDEKNINGSPLATE Ø100 PPL;493;ST;;;
103677;27808914;AVDEKNINGSPLATE Ø130 PPL;633;ST;;;
103679;27808922;AVDEKNINGSPLATE Ø150 PPL;660;ST;;;
103681;27808948;AVDEKNINGSPLATE Ø180 PPL;749;ST;;;
103682;27808955;AVDEKNINGSPLATE Ø200 PPL;872;ST;;;
103684;;AVDEKNINGSPLATE Ø250 PPL;1044;ST;;;
103685;;AVDEKNINGSPLATE Ø300 PPL;1107;ST;;;
101715;;AVSTANDSHOLDER 100/-/-/304/-/TILBEHØR;137;ST;;;
135240;25675604;AVSTANDSHOLDER 130-170MM;185;ST;;;
103407;25675620;AVSTANDSHOLDER 180-230MM;185;ST;;;
135242;44577555;AVSTANDSHOLDER 300MM 180-230MM;401;ST;;;
135283;;AVSTANDSHOLDER DM36+DM44 POSE à 18;79;ST;;;
135192;50876817;AVSTANDSHOLDER SETT à 10 ISOKERN;52;ST;;;
135243;27813237;AVSTANDSHOLDER Ø25;345;ST;;;
142604;49556992;BARBECUE SETT WOODFOOD;2933;ST;;;
149848;51952123;BEIN TIL INNSATS 40CM SATURN/URANUS;1900;ST;Ingen endring;;
149849;51952138;BEIN TIL INNSATS 50CM TELLUS/MERKUR;1900;ST;Ingen endring;;
149850;51952142;BEIN TIL INNSATS 70CM JUPITER;1900;ST;Ingen endring;;
149851;51952157;BEIN TIL INNSATS 80CM VENUS/MARS;1900;ST;Ingen endring;;
100331;25417387;BLENDELOKK CHAMOTTE Ø14;179;ST;;;
100332;25417478;BLENDELOKK CHAMOTTE Ø16;204;ST;;;
100334;25417569;BLENDELOKK CHAMOTTE Ø20;204;ST;;;
100336;25417718;BLENDELOKK CHAMOTTE Ø25;224;ST;;;
100337;;BLENDELOKK CHAMOTTE Ø30;224;ST;;;
146796;;BOLT TIL RØYKVENDERPLATE CURVE 7G06-2M1;41;ST;;;
135880;49000556;BRANNMURSPLATE 1220X1000X50MM;1350;ST;;;
148535;51527817;BRANNPLATE F/SJAKT 1000X345X50 Ø250;420;ST;Ingen endring;;
148536;51527821;BRANNPLATE F/SJAKT 1000X395X50 Ø300;450;ST;Ingen endring;;
148537;51527836;BRANNPLATE F/SJAKT 1000X445X50 Ø350;620;ST;Ingen endring;;
900007774;;BRENNKAMMER ELEMENT MED SKRÅ BAKKANTER;371;ST;;;
146661;51066415;BRENNPL VENSTRE SIDE BAK RADIUS IG08-041;356;ST;;;
146647;51066358;BRENNPLATE DØRSIDER RADIUS 100 IG08-091;356;ST;;;
146660;51066400;BRENNPLATE HØYRESIDE BAK RADIUS IG08-051;356;ST;;;
146667;51066445;BRENNPLATE KOMPLETT SETT CURVE MG10-381;2600;ST;;;
146666;51066434;BRENNPLATE KOMPLETT SETT RADIUS MG08-511;1556;ST;;;
146642;51066192;BRENNPLATE RYGG CURVE IG06-221;490;ST;;;
146662;51066313;BRENNPLATE RYGG RADIUS IG08-031;511;ST;;;
146646;51066222;BRENNPLATE SIDE CURVE IG06-241;356;ST;;;
940002675;;BROSJYRESTATIV SHOP IN SHOP PM;858;ST;;;
900007777;;BUNNPLATE MED SKRÅ BAKKANTER;544;ST;;;
900007803;;BUNNRAMME Ø16;333;ST;;;
900007590;;BUNNRAMME Ø20;601;ST;;;
900007686;41433590;BUNNSKIVE 35MM;209;ST;;;
135149;47992401;BUNNSKIVE KONDENSPOTTE 65MM Ø16 SV;209;ST;;;
136132;;BUNNSTUSS 110X155MM OVAL FLEX;953;ST;;;
136113;27811736;BUNNSTUSS Ø100 PPL;721;ST;;;
136114;27811850;BUNNSTUSS Ø130 PPL;745;ST;;;
136115;27811934;BUNNSTUSS Ø150 PPL;1128;ST;;;
136116;27812080;BUNNSTUSS Ø180 PPL;1182;ST;;;
136117;27812122;BUNNSTUSS Ø200 PPL;1202;ST;;;
136118;;BUNNSTUSS Ø250 PPL;1365;ST;;;
136938;;BUNNSTUSS Ø350 PPL;1321;ST;;;
130882;47930343;DEKKLOKK GRÅ Ø150 PM50;596;ST;;;
130884;48843457;DEKKLOKK GRÅ Ø200 PM50;785;ST;;;
130881;43934902;DEKKLOKK SORT Ø150 PM50;596;ST;;;
119428;43934883;DEKKLOKK SORT Ø150PM25;579;ST;;;
130883;48843461;DEKKLOKK SORT Ø200 PM50;785;ST;;;
114793;47522194;DEKKLOKK SORT Ø250 PM50;942;ST;;;
113203;;DEKKPLATE 0-30GR 250 BLANK;738;ST;;;
114451;;DEKKPLATE 0-30GR 350 BLANK;763;ST;;;
114803;;DEKKPLATE 0-30GR Ø350 ICS25;823;ST;;;
133434;;DEKKPLATE 0-30GR Ø500 ICS25;1433;ST;;;
112663;48843578;DEKKPLATE 0-5G BLANK Ø250;618;ST;;;
113159;45644158;DEKKPLATE 0-5G BLANK Ø300;759;ST;;;
120462;48843582;DEKKPLATE 0-5G BØRSTET Ø250;694;ST;;;
120461;48843654;DEKKPLATE 0-5G BØRSTET Ø300;848;ST;;;
111432;47930203;DEKKPLATE 0-5G GRÅ Ø200;496;ST;;;
111898;47930218;DEKKPLATE 0-5G GRÅ Ø250;496;ST;;;
112405;51016000;DEKKPLATE 0-5G GRÅ Ø300;605;ST;;;
112834;51016015;DEKKPLATE 0-5G GRÅ Ø350;717;ST;;;
111426;48843480;DEKKPLATE 0-5G HVIT Ø200;496;ST;;;
112032;;DEKKPLATE 0-5G HVIT Ø230;506;ST;;;
111904;;DEKKPLATE 0-5G HVIT Ø250;496;ST;;;
112404;51015996;DEKKPLATE 0-5G HVIT Ø300;605;ST;;;
112838;51016026;DEKKPLATE 0-5G HVIT Ø350;717;ST;;;
111428;51016257;DEKKPLATE 0-5G SORT Ø200;496;ST;;;
111891;41612615;DEKKPLATE 0-5G SORT Ø250;496;ST;;;
112406;51015981;DEKKPLATE 0-5G SORT Ø300;605;ST;;;
112839;51019216;DEKKPLATE 0-5G SORT Ø350;717;ST;;;
111435;;DEKKPLATE 0-5G UTL SORT Ø200;496;ST;;;
111457;48843476;DEKKPLATE 200/0-5/BLANK/TILBEHØR;618;ST;;;
112828;51016083;DEKKPLATE 20-35 BLANK Ø250;618;ST;;;
111549;48843495;DEKKPLATE 20-35G BLANK Ø200;618;ST;;;
111987;;DEKKPLATE 20-35G BLANK Ø250;618;ST;;;
113375;45644075;DEKKPLATE 20-35G BLANK Ø300;759;ST;;;
124071;48845175;DEKKPLATE 20-35G BØRSTET Ø250;694;ST;;;
124072;48843665;DEKKPLATE 20-35G BØRSTET Ø300;848;ST;;;
111551;47930173;DEKKPLATE 20-35G GRÅ Ø200;496;ST;;;
111995;47930184;DEKKPLATE 20-35G GRÅ Ø250;496;ST;;;
112566;51016102;DEKKPLATE 20-35G GRÅ Ø300;605;ST;;;
113029;51016121;DEKKPLATE 20-35G GRÅ Ø350;717;ST;;;
111548;48843506;DEKKPLATE 20-35G HVIT Ø200;496;ST;;;
111996;;DEKKPLATE 20-35G HVIT Ø250;496;ST;;;
112565;51016117;DEKKPLATE 20-35G HVIT Ø300;605;ST;;;
113031;51016136;DEKKPLATE 20-35G HVIT Ø350;717;ST;;;
111547;47978537;DEKKPLATE 20-35G SORT Ø200;496;ST;;;
111778;;DEKKPLATE 20-35G SORT Ø230;617;ST;;;
111994;41612631;DEKKPLATE 20-35G SORT Ø250;496;ST;;;
112567;51016098;DEKKPLATE 20-35G SORT Ø300;605;ST;;;
113030;47521895;DEKKPLATE 21-35 SORT Ø350;717;ST;;;
120470;48843597;DEKKPLATE 250/20-35/0,6/304/BØRSTET;694;ST;;;
120467;48843673;DEKKPLATE 300/20-35/0,6/304/BØRSTET;848;ST;;;
111680;48843514;DEKKPLATE 35-45G BLANK Ø200;618;ST;;;
113131;48843601;DEKKPLATE 35-45G BLANK Ø250;618;ST;;;
114246;45644113;DEKKPLATE 35-45G BLANK Ø300;759;ST;;;
112276;48843616;DEKKPLATE 35-45G BØRSTET Ø250;694;ST;;;
124074;48845186;DEKKPLATE 35-45G BØRSTET Ø250;694;ST;;;
112779;48843684;DEKKPLATE 35-45G BØRSTET Ø300;848;ST;;;
124075;48845194;DEKKPLATE 35-45G BØRSTET Ø300;848;ST;;;
111677;48843525;DEKKPLATE 35-45G GRÅ Ø200;496;ST;;;
112325;47930192;DEKKPLATE 35-45G GRÅ Ø250;496;ST;;;
112777;51016155;DEKKPLATE 35-45G GRÅ Ø300;605;ST;;;
113277;51016174;DEKKPLATE 35-45G GRÅ Ø350;717;ST;;;
111679;48843533;DEKKPLATE 35-45G HVIT Ø200;496;ST;;;
112293;48843620;DEKKPLATE 35-45G HVIT Ø250;496;ST;;;
112775;51016166;DEKKPLATE 35-45G HVIT Ø300;605;ST;;;
113273;51016185;DEKKPLATE 35-45G HVIT Ø350;717;ST;;;
111675;48843544;DEKKPLATE 35-45G SORT Ø200;496;ST;;;
112287;41612656;DEKKPLATE 35-45G SORT Ø250;496;ST;;;
112778;51016140;DEKKPLATE 35-45G SORT Ø300;605;ST;;;
113275;47521906;DEKKPLATE 35-45G SORT Ø350;717;ST;;;
112841;51016064;DEKKPLATE 5-20 GRÅ Ø350;717;ST;;;
112833;51016072;DEKKPLATE 5-20 HVIT Ø350;717;ST;;;
111436;48843552;DEKKPLATE 5-20G BLANK Ø200;618;ST;;;
112660;48843635;DEKKPLATE 5-20G BLANK Ø250;618;ST;;;
113158;45644037;DEKKPLATE 5-20G BLANK Ø300;759;ST;;;
124068;48843646;DEKKPLATE 5-20G BØRSTET Ø250;694;ST;;;
124069;48845205;DEKKPLATE 5-20G BØRSTET Ø300;848;ST;;;
111451;48843563;DEKKPLATE 5-20G GRÅ Ø200;496;ST;;;
111893;47930165;DEKKPLATE 5-20G GRÅ Ø250;496;ST;;;
112401;51016045;DEKKPLATE 5-20G GRÅ Ø300;605;ST;;;
111418;47930154;DEKKPLATE 5-20G HVIT Ø200;496;ST;;;
111879;;DEKKPLATE 5-20G HVIT Ø250;496;ST;;;
112398;51016053;DEKKPLATE 5-20G HVIT Ø300;605;ST;;;
111430;47978212;DEKKPLATE 5-20G SORT Ø200;496;ST;;;
111892;41612623;DEKKPLATE 5-20G SORT Ø250;496;ST;;;
112395;51016034;DEKKPLATE 5-20G SORT Ø300;605;ST;;;
112837;51076972;DEKKPLATE 5-20G SORT Ø350;717;ST;;;
112035;;DEKKPLATE 5-20GR Ø230 SORT;506;ST;;;
114804;;DEKKPLATE TODELT 30-45GR Ø400 BLANK;824;ST;;;
133441;;DEKKPLATE TODELT 31-45GR Ø550 BLANK;1398;ST;;;
110825;;DEKKRING 0GR Ø180 SORT;308;ST;;;
110906;48843692;DEKKRING BLANK Ø200;426;ST;;;
112518;51016261;DEKKRING BLANK Ø250;464;ST;;;
113004;45643992;DEKKRING BLANK Ø300;581;ST;;;
111351;48843718;DEKKRING BØRSTET Ø250;565;ST;;;
111731;48843722;DEKKRING BØRSTET Ø300;652;ST;;;
110911;47930146;DEKKRING GRÅ Ø200;342;ST;;;
111345;50699180;DEKKRING GRÅ Ø250;404;ST;;;
111726;51016238;DEKKRING GRÅ Ø300;465;ST;;;
112210;49605776;DEKKRING GRÅ Ø350;557;ST;;;
110912;;DEKKRING HVIT Ø200;342;ST;;;
111349;51016212;DEKKRING HVIT Ø250;404;ST;;;
111725;51016242;DEKKRING HVIT Ø300;465;ST;;;
112211;49605780;DEKKRING HVIT Ø350;557;ST;;;
100950;;DEKKRING KONISK 350/790/-/304/BLANK;717;ST;;;
101584;;DEKKRING KONISK Ø550 BLANK;1398;ST;;;
110908;51016193;DEKKRING SORT Ø200;342;ST;;;
111344;51016204;DEKKRING SORT Ø250;404;ST;;;
111724;51016223;DEKKRING SORT Ø300;465;ST;;;
112212;47521876;DEKKRING SORT Ø350;557;ST;;;
111174;;DEKKRING Ø230 SORT;376;ST;;;
135298;25675323;DELESETT VINSJ KOMPLETT;4195;ST;;;
135346;44389573;DIAMANT KJERNEBOR Ø102;1949;ST;;;
136951;27813989;DIAMANT KJERNEBOR Ø150-Ø125;3863;ST;;;
136950;27813971;DIAMANT KJERNEBOR Ø160-Ø150;3863;ST;;;
136949;40998296;DIAMANT KJERNEBOR Ø208-Ø175;5024;ST;;;
136948;40998304;DIAMANTKJERNEBOR Ø226-Ø200;5024;ST;;;
136979;27813104;DREGG Ø16;1949;ST;;;
136978;42251345;DREGG Ø20;1949;ST;;;
146652;51066362;DØR KOMPLETT M/GLASS CURVE S MG10-131;7222;ST;;;
146654;51066381;DØR KOMPLETT M/GLASS RADIUS 100 7076-008;10998;ST;;;
146655;51066396;DØR KOMPLETT M/GLASS RADIUS 300 7076-007;13974;ST;;;
102731;46415997;DØRSTEIN 18X18;144;ST;;;
100312;25417916;DØRSTEIN 18X30;144;ST;;;
102942;25675166;EKSPANSJONSBLIKK Ø12;403;ST;;;
102560;25675174;EKSPANSJONSBLIKK Ø14;454;ST;;;
102944;25675182;EKSPANSJONSBLIKK Ø16;599;ST;;;
102945;25675190;EKSPANSJONSBLIKK Ø18;556;ST;;;
102946;25675208;EKSPANSJONSBLIKK Ø20;607;ST;;;
102565;25675216;EKSPANSJONSBLIKK Ø25;658;ST;;;
149847;51952112;ELEMENT HØY JUPITER INKL BRANNMUR;651;ST;Ingen endring;;
149846;51952104;ELEMENT HØY MARS INKL BRANNMUR;832;ST;Ingen endring;;
149841;51952055;ELEMENT HØY MERKUR INKL BRANNMUR;832;ST;Ingen endring;;
149843;51952074;ELEMENT HØY SATURN INKL BRANNMUR;1258;ST;Ingen endring;;
149842;51952066;ELEMENT HØY TELLUS INKL BRANNMUR;832;ST;Ingen endring;;
149844;51952085;ELEMENT HØY URANUS INKL BRANNMUR;1258;ST;Ingen endring;;
149845;51952093;ELEMENT HØY VENUS INKL BRANNMUR;749;ST;Ingen endring;;
135092;;ELEMENT MED ALUMINIUM SOTLUKE DM 54;1961;ST;;;
135322;;ENKELHEIS TIL Ø20 FORINGSRØR ISOKERN;1240;ST;;;
135024;42169237;ETASJE ELEMENT 40X40X266CM;9801;ST;;;
135025;42169241;ETASJE ELEMENT 40X40X314CM;10899;ST;;;
135022;44375164;ETASJE ELEMENT M/BSV 40X40X121CM;5131;ST;;;
135023;42169222;ETASJE ELEMENT M/BSV 40X40X217CM;7547;ST;;;
133462;47262441;ETASJE START 18X18 40X40X550CM;20103;ST;;;
108946;45473332;ETASJEPIPE KINGFIRE 2,64;52964;ST;;;
940000290;;ETASJEPIPE KINGFIRE SHOPINSHOP 2,4M;12239;ST;;;
142479;51531824;FEIELUKERØR 455MM Ø150 GRÅ PMS50;2433;ST;;;
142483;51531858;FEIELUKERØR 455MM Ø150 HVIT PMS50;2433;ST;;;
142475;51531805;FEIELUKERØR 455MM Ø150 SORT PMS50;2433;ST;;;
142481;51531832;FEIELUKERØR 455MM Ø200 GRÅ PMS50;3260;ST;;;
142485;51531843;FEIELUKERØR 455MM Ø200 HVIT PMS50;3260;ST;;;
142477;51531813;FEIELUKERØR 455MM Ø200 SORT PMS50;3260;ST;;;
112534;27810191;FEIELUKERØR FOR FEIELUKE Ø100 PPL;762;ST;;;
112957;27810225;FEIELUKERØR FOR FEIELUKE Ø130 PPL;825;ST;;;
113193;27810233;FEIELUKERØR FOR FEIELUKE Ø150 PPL;935;ST;;;
113550;27810266;FEIELUKERØR FOR FEIELUKE Ø180 PPL;1003;ST;;;
114358;27810274;FEIELUKERØR FOR FEIELUKE Ø200 PPL;1056;ST;;;
136981;25392473;FEIEPLATÅ 820 SORT;1430;ST;;;
136944;24096844;FIBERPAKNING FLYTENDE 310ML;198;ST;;;
113564;27814003;FIRKANTRØR 16X16X50;228;ST;;;
113807;;FIRKANTRØR 20X20X50;377;ST;;;
115599;27813054;FIRKANTRØR 25X25X50;405;ST;;;
136955;;FLENS FOR STÅLPIPE Ø150MM FR2;1409;ST;;;
136954;;FLENS FOR STÅLPIPE Ø150MM FR3;1474;ST;;;
136135;;FLEX OVAL STARTKOBLING 110X155MM;953;ST;;;
111013;27810936;FLEXIBELT STÅLRØR Ø100 FLEX;358;M;;;
106935;;FLEXIBELT STÅLRØR Ø120 FLEX;524;M;;;
112084;27810969;FLEXIBELT STÅLRØR Ø130 FLEX;524;M;;;
112548;27887108;FLEXIBELT STÅLRØR Ø150 FLEX;653;M;;;
113087;27887090;FLEXIBELT STÅLRØR Ø180 FLEX;810;M;;;
113405;48150003;FLEXIBELT STÅLRØR Ø200 FLEX;890;M;;;
106889;;FLEXIBELT STÅLRØR Ø250 FLEX;1328;M;;;
106890;;FLEXIBELT STÅLRØR Ø300 FLEX;1512;M;;;
135548;22748438;FLEXIROLL TETTEBÅND 5000/900 SORT;491;RUL;;;
135126;41433632;FLEXIRØR MED KLEMMER 100MM;437;ST;;;
135122;45571025;FLEXIRØR MED KLEMMER 80MM;425;ST;;;
145478;51052536;FLEXIRØR MED KLEMMER Ø150MM;534;ST;;;
112037;;FORANKRINGSRING (2) TAKFESTE 200 BLANK;487;ST;;;
112870;;FORANKRINGSRING (2) TAKFESTE 350 BLANK;507;ST;;;
111603;45937946;FORBLENDING BUNN SORT Ø150 PMV50;659;ST;;;
110805;45937954;FORBLENDING TOPP SORT Ø150 PMV50;659;ST;;;
131621;48017272;FORBLENDINGSLOKK BUNN SORT Ø250;571;ST;;;
141932;49591322;FORBLENDINGSLOKK BUNN Ø350 SORT;856;ST;;;
137758;;FORBLENDINGSLOKK TOPP SORT Ø150 PM50;581;ST;;;
141931;49591318;FORBLENDINGSLOKK TOPP Ø350 GALV;856;ST;;;
129927;;FORINGSRØR 100CM Ø50 ISOKERN;1883;ST;;;
100040;27811454;FORINGSRØR 1330MM Ø18 KERANOVA;796;ST;;;
127715;;FORINGSRØR 225X285X600 ISOKERN;251;ST;;;
126369;;FORINGSRØR 25CM Ø15 DM;100;ST;;;
127683;51066472;FORINGSRØR 30CM Ø20 DM;161;ST;;;
129033;;FORINGSRØR 30CM Ø30 DM;170;ST;;;
100376;21772025;FORINGSRØR 33 CM Ø20;154;ST;;;
100311;25417767;FORINGSRØR 33 CM Ø30;296;ST;;;
103857;25675125;FORINGSRØR 33CM Ø12;122;ST;;;
100373;25417288;FORINGSRØR 33CM Ø14;133;ST;;;
100374;21771894;FORINGSRØR 33CM Ø16;141;ST;;;
100375;25675133;FORINGSRØR 33CM Ø18;152;ST;;;
100310;23101975;FORINGSRØR 33CM Ø25;241;ST;;;
127685;;FORINGSRØR 60CM Ø20 ISOKERN;284;ST;;;
126368;50876677;FORINGSRØR FOR SOTLUKE Ø15 ISOKERN;304;ST;;;
128546;;FORINGSRØR M/FALS 250x310x600 ISOKERN;387;ST;;;
126372;;FORINGSRØR M/FALS 60CM Ø15 ISOKERN;240;ST;;;
126498;;FORINGSRØR M/FALS 60CMØ17,5 ISOKERN;263;ST;;;
129031;;FORINGSRØR START 15CM Ø30 DM;311;ST;;;
135193;50876658;FORINGSRØR START Ø15 19,5CM ISOKERN;237;ST;;;
126489;;FORINGSRØR U/FALS 60CM Ø17 ISOKERN;240;ST;;;
127682;;FORINGSRØRSETT TIL SOTLUKE DM Ø20;365;ST;;;
142616;48134032;FORLENGER KOMPLETT BESLAG 1500MM SORT;1896;ST;;;
121339;48129404;FORLENGER L-RØR SORT Ø150 PMV25;552;ST;;;
142868;51934165;FORLENGER TIL FEIELUKE PPL;159;ST;;;
142370;50990217;FORLENGER TILLUFT BLANK Ø150 PMV;373;ST;;;
142368;50990198;FORLENGER TILLUFT GRÅ Ø150 PMV;298;ST;;;
142369;50990202;FORLENGER TILLUFT HVIT Ø150 PMV;298;ST;;;
110980;45644544;FORLENGER TILLUFT RUND BLANK Ø150 PMV;337;ST;;;
110976;45644563;FORLENGER TILLUFT RUND GRÅ Ø150 PMV;268;ST;;;
110981;45644578;FORLENGER TILLUFT RUND HVIT Ø150 PMV;268;ST;;;
110978;45644552;FORLENGER TILLUFT RUND SORT Ø150 PMV;268;ST;;;
142367;50990183;FORLENGER TILLUFT SORT Ø150 PMV;298;ST;;;
114553;43670336;FORLENGER UISOLERT 1000MM SORT Ø150;895;ST;;;
110724;43670317;FORLENGER UISOLERT 250MM SORT Ø150;292;ST;;;
111975;43670321;FORLENGER UISOLERT 500MM SORT Ø150;496;ST;;;
101739;;FORLENGER VEGGFORANKRING 450MM L2 BLANK;973;ST;;;
146656;51066275;FRONTGLASS DØR CURVE 100/300G IG10-051;6776;ST;;;
146653;51066377;FRONTGLASS DØR CURVE 100/300S IG10-071;6776;ST;;;
146658;51066294;FRONTGLASS DØR RADIUS 100 7076-126;5000;ST;;;
146659;51066305;FRONTGLASS DØR RADIUS 300 7076-125;11531;ST;;;
100381;45991154;FRONTPLATE Ø12-Ø16;275;PAR;;;
100382;45991165;FRONTPLATE Ø18-Ø20;275;PAR;;;
100383;45991173;FRONTPLATE Ø25;325;PAR;;;
100384;25675927;FRONTPLATE Ø30;325;ST;;;
101441;;FUGEGLATTER Ø18 KERANOVA;390;ST;;;
135302;23092869;FUGEKITT 1000ML;336;ST;;;
100020;27813096;FUGEKITT 310ML;79;ST;;;
105002;;FUNDAMEAMENTSPLATE Ø250 BLANK ICS50;4060;ST;;;
104999;;FUNDAMENTPLATE BLANK Ø150 ICS50;1942;ST;;;
101078;;FUNDAMENTSPL 350/199/0,5/316/BLANK/ICS25;2214;ST;;;
101075;;FUNDAMENTSPLATE 200/199/0,5 BLANK ICS25;2049;ST;;;
101077;;FUNDAMENTSPLATE 300/199/0,5 BLANK ICS25;2459;ST;;;
121155;;FUNDAMENTSPLATE 350/0,6/444/SORT/PM50;2981;ST;;;
101081;;FUNDAMENTSPLATE 500/200/0,6 BLANK ICS25;3853;ST;;;
117217;47930358;FUNDAMENTSPLATE GRÅ Ø150 PM50;1689;ST;;;
117826;48843760;FUNDAMENTSPLATE GRÅ Ø200 PM50;2037;ST;;;
117213;48843756;FUNDAMENTSPLATE HVIT Ø150 PM50;1689;ST;;;
117828;48843775;FUNDAMENTSPLATE HVIT Ø200 PM50;2037;ST;;;
101080;;FUNDAMENTSPLATE ICS25 Ø450 BLANK;3838;ST;;;
115161;;FUNDAMENTSPLATE SORT Ø150 PM25;1383;ST;;;
117216;44048037;FUNDAMENTSPLATE SORT Ø150 PM50;1689;ST;;;
117827;47522205;FUNDAMENTSPLATE SORT Ø200 PM50;2037;ST;;;
118210;47522213;FUNDAMENTSPLATE SORT Ø250 PM50;2442;ST;;;
101079;;FUNDAMENTSPLATE Ø400 BLANK ICS25;3056;ST;;;
146649;51066241;FYRBUNN CURVE 7G06-201;845;ST;;;
149800;51934222;GLASSPLATE JUPITER L-FORM 900X900MM;1500;ST;Ingen endring;;
149799;51934218;GLASSPLATE MARS 700X400MM;1250;ST;Ingen endring;;
149795;51934173;GLASSPLATE MERKUR 800X300MM;1250;ST;Ingen endring;;
149797;51934192;GLASSPLATE SATURN/URANUS 1200X350MM;1250;ST;Ingen endring;;
149796;51934184;GLASSPLATE TELLUS 1000X300MM;1250;ST;Ingen endring;;
149798;51934203;GLASSPLATE VENUS 600X400MM;1250;ST;Ingen endring;;
133288;21771944;GRUNNPAKKE Ø16 RONDO;1668;ST;;;
135129;46452802;GRUNNPAKKE Ø16 SV;1743;ST;;;
135165;21772082;GRUNNPAKKE Ø20 RONDO;1917;ST;;;
135131;46452840;GRUNNPAKKE Ø20 SV;2060;ST;;;
135186;25417742;GRUNNPAKKE Ø25 RONDO;2560;ST;;;
114993; 	46 436 505,00 ;GULVFORANKRING SORT Ø250;917;ST;;;
115133;46436513;GULVFORANKRING SORT Ø300;941;ST;;;
115433;49591534;GULVFORANKRING Ø350;1155;ST;;;
143002;49576966;GULVPLATE KLAR;550;ST;;;
146773;51156632;GULVPLATE SORT;550;ST;;;
142606;49557056;GULVSTATIV WOODFOOD;3060;ST;;;
135576;;GUMMILIST NY DEKKPLATE SVART;38;M;;;
135260;;HEKLA PEIS M/BAKUTTAK;11619;ST;;;
135261;45646932;HEKLA PEIS M/PIPE;11720;ST;;;
135259;;HEKLA PEIS M/TOPPUTTAK;11619;ST;;;
136980;47550924;HULLBOR Ø80;1097;ST;;;
146650;51066256;HÅNDTAK CURVE BØRSTET;1301;ST;;;
136985;48138595;HÅNDTAK CURVE SORT 7G10-912B;490;ST;;;
146651;51066260;HÅNDTAK RADIUS BØRSTET 7076-018;1301;ST;;;
136988;47979960;HÅNDTAK RADIUS SORT 7G08-751;490;ST;;;
130753;27813948;ILDFAST LIM TIL STEIN 20 KG;550;ST;;;
135851;27813955;ILDFAST MØRTEL REPERASJONER 25KG;679;ST;;;
135303;;"ILDFAST STEIN / MAGNUM 30""";1905;ST;;;
135323;;"ILDFAST STEIN / MAGNUM 36""";2822;ST;;;
135331;;"ILDFAST STEIN / MAGNUM 42""";3117;ST;;;
135333;;"ILDFAST STEIN / MAGNUM 48""";3721;ST;;;
112562;27813740;ILDFAST STEIN 230X114X25;32;ST;;;
113416;27813757;ILDFAST STEIN 230X114X32;36;ST;;;
115281;27813765;ILDFAST STEIN 230X114X50;45;ST;;;
116212;27813914;ILDFAST STEIN 230X114X64;50;ST;;;
149861;51953652;INNFELTRAMME TILLEGG A-TYPE;2556;ST;Ingen endring;;
136983;23812209;INNFESTNINGSPAKKE;588;ST;;;
148718;51538760;INNSATS 470 1 SIDEG H/H TLB RF;32984;ST;Ingen endring;;
148630;51537882;INNSATS 470 1 SIDEG H/H TLB SORT;28191;ST;Ingen endring;;
148717;51538756;INNSATS 470 1 SIDEG H/H TLT RF;32984;ST;Ingen endring;;
148629;51537878;INNSATS 470 1 SIDEG H/H TLT SORT;28191;ST;Ingen endring;;
148674;51538321;INNSATS 470 1 SIDEG V/H TLB RF;32984;ST;Ingen endring;;
148578;51537375;INNSATS 470 1 SIDEG V/H TLB SORT;28191;ST;Ingen endring;;
148673;51538317;INNSATS 470 1 SIDEG V/H TLT RF;32984;ST;Ingen endring;;
148577;51537360;INNSATS 470 1 SIDEG V/H TLT SORT;28191;ST;Ingen endring;;
148722;51538813;INNSATS 470 2 SIDEG H/H TLB RF;37056;ST;Ingen endring;;
148634;51537920;INNSATS 470 2 SIDEG H/H TLB SORT;31672;ST;Ingen endring;;
148721;51538805;INNSATS 470 2 SIDEG H/H TLT RF;37056;ST;Ingen endring;;
148633;51537916;INNSATS 470 2 SIDEG H/H TLT SORT;31672;ST;Ingen endring;;
148678;51538366;INNSATS 470 2 SIDEG V/H TLB RF;37056;ST;Ingen endring;;
148582;51537413;INNSATS 470 2 SIDEG V/H TLB SORT;31672;ST;Ingen endring;;
148677;51538355;INNSATS 470 2 SIDEG V/H TLT RF;37056;ST;Ingen endring;;
148581;51537405;INNSATS 470 2 SIDEG V/H TLT SORT;31672;ST;Ingen endring;;
148708;51538665;INNSATS 470 BUET H/H TLB RF;24024;ST;Ingen endring;;
148620;51537780;INNSATS 470 BUET H/H TLB SORT;20534;ST;Ingen endring;;
148707;51538654;INNSATS 470 BUET H/H TLT RF;24024;ST;Ingen endring;;
148619;51537776;INNSATS 470 BUET H/H TLT SORT;20534;ST;Ingen endring;;
148664;51538226;INNSATS 470 BUET V/H TLB RF;24024;ST;Ingen endring;;
148568;51537273;INNSATS 470 BUET V/H TLB SORT;20534;ST;Ingen endring;;
148663;51538215;INNSATS 470 BUET V/H TLT RF;24024;ST;Ingen endring;;
148567;51537265;INNSATS 470 BUET V/H TLT SORT;20534;ST;Ingen endring;;
148684;51538423;INNSATS 470 HØY H/H TLB RF;21581;ST;Ingen endring;;
148596;51537545;INNSATS 470 HØY H/H TLB SORT;18445;ST;Ingen endring;;
148683;51538412;INNSATS 470 HØY H/H TLT RF;21581;ST;Ingen endring;;
148595;51537534;INNSATS 470 HØY H/H TLT SORT;18445;ST;Ingen endring;;
148640;51537984;INNSATS 470 HØY V/H TLB RF;21581;ST;Ingen endring;;
148544;51537038;INNSATS 470 HØY V/H TLB SORT;18445;ST;Ingen endring;;
148639;51537973;INNSATS 470 HØY V/H TLT RF;21581;ST;Ingen endring;;
148543;51537023;INNSATS 470 HØY V/H TLT SORT;18445;ST;Ingen endring;;
148924;;INNSATS 470 STD H/H PRO 1 SORT;20851;ST;Ingen endring;;
148682;51538404;INNSATS 470 STD H/H TLB RF;21581;ST;Ingen endring;;
148594;51537526;INNSATS 470 STD H/H TLB SORT;18445;ST;Ingen endring;;
148681;51538393;INNSATS 470 STD H/H TLT RF;21581;ST;Ingen endring;;
148593;51537515;INNSATS 470 STD H/H TLT SORT;18445;ST;Ingen endring;;
148923;;INNSATS 470 STD V/H PRO 1 SORT;20851;ST;Ingen endring;;
148638;51537965;INNSATS 470 STD V/H TLB RF;21581;ST;Ingen endring;;
148542;51537012;INNSATS 470 STD V/H TLB SORT;18445;ST;Ingen endring;;
148637;51537954;INNSATS 470 STD V/H TLT RF;21581;ST;Ingen endring;;
148541;51537004;INNSATS 470 STD V/H TLT SORT;18445;ST;Ingen endring;;
148714;51538722;INNSATS 470 VINKEL H/H TLB RF;37056;ST;Ingen endring;;
148626;51537844;INNSATS 470 VINKEL H/H TLB SORT;31672;ST;Ingen endring;;
148713;51538718;INNSATS 470 VINKEL H/H TLT RF;37056;ST;Ingen endring;;
148625;51537833;INNSATS 470 VINKEL H/H TLT SORT;31672;ST;Ingen endring;;
148670;51538283;INNSATS 470 VINKEL V/H TLB RF;37056;ST;Ingen endring;;
148574;51537337;INNSATS 470 VINKEL V/H TLB SORT;31672;ST;Ingen endring;;
148669;51538272;INNSATS 470 VINKEL V/H TLT RF;37056;ST;Ingen endring;;
148573;51537322;INNSATS 470 VINKEL V/H TLT SORT;31672;ST;Ingen endring;;
148690;51538480;INNSATS 470 XL STD H/H TLB RF;24024;ST;Ingen endring;;
148602;51537602;INNSATS 470 XL STD H/H TLB SORT;20534;ST;Ingen endring;;
148689;51538476;INNSATS 470 XL STD H/H TLT RF;24024;ST;Ingen endring;;
148601;51537598;INNSATS 470 XL STD H/H TLT SORT;20534;ST;Ingen endring;;
148646;51538041;INNSATS 470 XL STD V/H TLB RF;24024;ST;Ingen endring;;
148550;51537095;INNSATS 470 XL STD V/H TLB SORT;20534;ST;Ingen endring;;
148645;51538037;INNSATS 470 XL STD V/H TLT RF;24024;ST;Ingen endring;;
148549;51537080;INNSATS 470 XL STD V/H TLT SORT;20534;ST;Ingen endring;;
148704;51538620;INNSATS 470 XXL STD H/H TLB RF;29726;ST;Ingen endring;;
148616;51537742;INNSATS 470 XXL STD H/H TLB SORT;25407;ST;Ingen endring;;
148703;51538616;INNSATS 470 XXL STD H/H TLT RF;29726;ST;Ingen endring;;
148615;51537738;INNSATS 470 XXL STD H/H TLT SORT;25407;ST;Ingen endring;;
148660;51538181;INNSATS 470 XXL STD V/H TLB RF;29726;ST;Ingen endring;;
148564;51537235;INNSATS 470 XXL STD V/H TLB SORT;25407;ST;Ingen endring;;
148659;51538177;INNSATS 470 XXL STD V/H TLT RF;29726;ST;Ingen endring;;
148563;51537220;INNSATS 470 XXL STD V/H TLT SORT;25407;ST;Ingen endring;;
148698;51538563;INNSATS 470-850 STD H/H TLB RF;28097;ST;Ingen endring;;
148610;51537685;INNSATS 470-850 STD H/H TLB SORT;24014;ST;Ingen endring;;
148697;51538552;INNSATS 470-850 STD H/H TLT RF;28097;ST;Ingen endring;;
148609;51537674;INNSATS 470-850 STD H/H TLT SORT;24014;ST;Ingen endring;;
148654;51538124;INNSATS 470-850 STD V/H TLB RF;28097;ST;Ingen endring;;
148558;51537178;INNSATS 470-850 STD V/H TLB SORT;24014;ST;Ingen endring;;
148653;51538113;INNSATS 470-850 STD V/H TLT RF;28097;ST;Ingen endring;;
148557;51537163;INNSATS 470-850 STD V/H TLT SORT;24014;ST;Ingen endring;;
148694;51538525;INNSATS 470XLS STD H/H TLB RF;30540;ST;Ingen endring;;
148606;51537640;INNSATS 470XLS STD H/H TLB SORT;26103;ST;Ingen endring;;
148693;51538514;INNSATS 470XLS STD H/H TLT RF;30540;ST;Ingen endring;;
148605;51537636;INNSATS 470XLS STD H/H TLT SORT;26103;ST;Ingen endring;;
148650;51538086;INNSATS 470XLS STD V/H TLB RF;30540;ST;Ingen endring;;
148554;51537133;INNSATS 470XLS STD V/H TLB SORT;26103;ST;Ingen endring;;
148649;51538075;INNSATS 470XLS STD V/H TLT RF;30540;ST;Ingen endring;;
148553;51537125;INNSATS 470XLS STD V/H TLT SORT;26103;ST;Ingen endring;;
148700;51538582;INNSATS 500-850 STD H/H TLB RF;28911;ST;Ingen endring;;
148612;51537704;INNSATS 500-850 STD H/H TLB SORT;24710;ST;Ingen endring;;
148699;51538578;INNSATS 500-850 STD H/H TLT RF;28911;ST;Ingen endring;;
148611;51537693;INNSATS 500-850 STD H/H TLT SORT;24710;ST;Ingen endring;;
148656;51538143;INNSATS 500-850 STD V/H TLB RF;28911;ST;Ingen endring;;
148560;51537197;INNSATS 500-850 STD V/H TLB SORT;24710;ST;Ingen endring;;
148655;51538132;INNSATS 500-850 STD V/H TLT RF;28911;ST;Ingen endring;;
148559;51537182;INNSATS 500-850 STD V/H TLT SORT;24710;ST;Ingen endring;;
148720;51538786;INNSATS 550 1 SIDEG H/H TLB RF;36242;ST;Ingen endring;;
148632;51537901;INNSATS 550 1 SIDEG H/H TLB SORT;30976;ST;Ingen endring;;
148719;51538775;INNSATS 550 1 SIDEG H/H TLT RF;36242;ST;Ingen endring;;
148631;51537897;INNSATS 550 1 SIDEG H/H TLT SORT;30976;ST;Ingen endring;;
148676;51538340;INNSATS 550 1 SIDEG V/H TLB RF;36242;ST;Ingen endring;;
148580;51537394;INNSATS 550 1 SIDEG V/H TLB SORT;30976;ST;Ingen endring;;
148675;51538336;INNSATS 550 1 SIDEG V/H TLT RF;36242;ST;Ingen endring;;
148579;51537386;INNSATS 550 1 SIDEG V/H TLT SORT;30976;ST;Ingen endring;;
148724;51538832;INNSATS 550 2 SIDEG H/H TLB RF;45201;ST;Ingen endring;;
148636;51537946;INNSATS 550 2 SIDEG H/H TLB SORT;38633;ST;Ingen endring;;
148723;51538824;INNSATS 550 2 SIDEG H/H TLT RF;45201;ST;Ingen endring;;
148635;51537935;INNSATS 550 2 SIDEG H/H TLT SORT;38633;ST;Ingen endring;;
148680;51538385;INNSATS 550 2 SIDEG V/H TLB RF;45201;ST;Ingen endring;;
148584;51537432;INNSATS 550 2 SIDEG V/H TLB SORT;38633;ST;Ingen endring;;
148679;51538374;INNSATS 550 2 SIDEG V/H TLT RF;45201;ST;Ingen endring;;
148583;51537424;INNSATS 550 2 SIDEG V/H TLT SORT;38633;ST;Ingen endring;;
148710;51538684;INNSATS 550 BUET H/H TLB RF;27282;ST;Ingen endring;;
148622;51537806;INNSATS 550 BUET H/H TLB SORT;23318;ST;Ingen endring;;
148709;51538673;INNSATS 550 BUET H/H TLT RF;27282;ST;Ingen endring;;
148621;51537795;INNSATS 550 BUET H/H TLT SORT;23318;ST;Ingen endring;;
148666;51538245;INNSATS 550 BUET V/H TLB RF;27282;ST;Ingen endring;;
148570;51537292;INNSATS 550 BUET V/H TLB SORT;23318;ST;Ingen endring;;
148665;51538234;INNSATS 550 BUET V/H TLT RF;27282;ST;Ingen endring;;
148569;51537284;INNSATS 550 BUET V/H TLT SORT;23318;ST;Ingen endring;;
148688;51538461;INNSATS 550 HØY H/H TLB RF;24024;ST;Ingen endring;;
148600;51537583;INNSATS 550 HØY H/H TLB SORT;20534;ST;Ingen endring;;
148687;51538457;INNSATS 550 HØY H/H TLT RF;24024;ST;Ingen endring;;
148599;51537572;INNSATS 550 HØY H/H TLT SORT;20534;ST;Ingen endring;;
148644;51538022;INNSATS 550 HØY V/H TLB RF;24024;ST;Ingen endring;;
148548;51537076;INNSATS 550 HØY V/H TLB SORT;20534;ST;Ingen endring;;
148643;51538018;INNSATS 550 HØY V/H TLT RF;24024;ST;Ingen endring;;
148547;51537061;INNSATS 550 HØY V/H TLT SORT;20534;ST;Ingen endring;;
148712;51538703;INNSATS 550 HØY VINKEL H/H TLB RF;40314;ST;Ingen endring;;
148624;51537825;INNSATS 550 HØY VINKEL H/H TLB SORT;34457;ST;Ingen endring;;
148711;51538692;INNSATS 550 HØY VINKEL H/H TLT RF;40314;ST;Ingen endring;;
148623;51537814;INNSATS 550 HØY VINKEL H/H TLT SORT;34457;ST;Ingen endring;;
148668;51538264;INNSATS 550 HØY VINKEL V/H TLB RF;40314;ST;Ingen endring;;
148572;51537318;INNSATS 550 HØY VINKEL V/H TLB SORT;34457;ST;Ingen endring;;
148667;51538253;INNSATS 550 HØY VINKEL V/H TLT RF;40314;ST;Ingen endring;;
148571;51537303;INNSATS 550 HØY VINKEL V/H TLT SORT;34457;ST;Ingen endring;;
148686;51538442;INNSATS 550 STD H/H TLB RF;24024;ST;Ingen endring;;
148598;51537564;INNSATS 550 STD H/H TLB SORT;20534;ST;Ingen endring;;
148685;51538438;INNSATS 550 STD H/H TLT RF;24024;ST;Ingen endring;;
148597;51537553;INNSATS 550 STD H/H TLT SORT;20534;ST;Ingen endring;;
148642;51538003;INNSATS 550 STD V/H TLB RF;24024;ST;Ingen endring;;
148546;51537057;INNSATS 550 STD V/H TLB SORT;20534;ST;Ingen endring;;
148641;51537992;INNSATS 550 STD V/H TLT RF;24024;ST;Ingen endring;;
148545;51537042;INNSATS 550 STD V/H TLT SORT;20534;ST;Ingen endring;;
148716;51538741;INNSATS 550 VINKEL H/H TLB RF;40314;ST;Ingen endring;;
148628;51537863;INNSATS 550 VINKEL H/H TLB SORT;34457;ST;Ingen endring;;
148715;51538737;INNSATS 550 VINKEL H/H TLT RF;40314;ST;Ingen endring;;
148627;51537852;INNSATS 550 VINKEL H/H TLT SORT;34457;ST;Ingen endring;;
148672;51538302;INNSATS 550 VINKEL V/H TLB RF;40314;ST;Ingen endring;;
148576;51537356;INNSATS 550 VINKEL V/H TLB SORT;34457;ST;Ingen endring;;
148671;51538298;INNSATS 550 VINKEL V/H TLT RF;40314;ST;Ingen endring;;
148575;51537341;INNSATS 550 VINKEL V/H TLT SORT;34457;ST;Ingen endring;;
148692;51538506;INNSATS 550 XL STD H/H TLB RF;25653;ST;Ingen endring;;
148604;51537621;INNSATS 550 XL STD H/H TLB SORT;21926;ST;Ingen endring;;
148691;51538495;INNSATS 550 XL STD H/H TLT RF;25653;ST;Ingen endring;;
148603;51537617;INNSATS 550 XL STD H/H TLT SORT;20534;ST;Ingen endring;;
148648;51538060;INNSATS 550 XL STD V/H TLB RF;25653;ST;Ingen endring;;
148552;51537114;INNSATS 550 XL STD V/H TLB SORT;21926;ST;Ingen endring;;
148647;51538056;INNSATS 550 XL STD V/H TLT RF;25653;ST;Ingen endring;;
148551;51537106;INNSATS 550 XL STD V/H TLT SORT;21926;ST;Ingen endring;;
148706;51538646;INNSATS 550 XXL STD H/H TLB RF;31335;ST;Ingen endring;;
148618;51537761;INNSATS 550 XXL STD H/H TLB SORT;26799;ST;Ingen endring;;
148705;51538635;INNSATS 550 XXL STD H/H TLT RF;31335;ST;Ingen endring;;
148617;51537757;INNSATS 550 XXL STD H/H TLT SORT;26799;ST;Ingen endring;;
148662;51538200;INNSATS 550 XXL STD V/H TLB RF;31355;ST;Ingen endring;;
148566;51537254;INNSATS 550 XXL STD V/H TLB SORT;26799;ST;Ingen endring;;
148661;51538196;INNSATS 550 XXL STD V/H TLT RF;31355;ST;Ingen endring;;
148565;51537246;INNSATS 550 XXL STD V/H TLT SORT;26799;ST;Ingen endring;;
148702;51538601;INNSATS 550-850 STD H/H TLB RF;29726;ST;Ingen endring;;
148614;51537723;INNSATS 550-850 STD H/H TLB SORT;25407;ST;Ingen endring;;
148701;51538597;INNSATS 550-850 STD H/H TLT RF;29726;ST;Ingen endring;;
148613;51537712;INNSATS 550-850 STD H/H TLT SORT;25407;ST;Ingen endring;;
148658;51538162;INNSATS 550-850 STD V/H TLB RF;29726;ST;Ingen endring;;
148562;51537216;INNSATS 550-850 STD V/H TLB SORT;25407;ST;Ingen endring;;
148657;51538158;INNSATS 550-850 STD V/H TLT RF;29726;ST;Ingen endring;;
148561;51537201;INNSATS 550-850 STD V/H TLT SORT;25407;ST;Ingen endring;;
148696;51538544;INNSATS 550XLS STD H/H TLB RF;32169;ST;Ingen endring;;
148608;51537666;INNSATS 550XLS STD H/H TLB SORT;27495;ST;Ingen endring;;
148695;51538533;INNSATS 550XLS STD H/H TLT RF;32169;ST;Ingen endring;;
148607;51537655;INNSATS 550XLS STD H/H TLT SORT;27495;ST;Ingen endring;;
148652;51538105;INNSATS 550XLS STD V/H TLB RF;32169;ST;Ingen endring;;
148556;51537152;INNSATS 550XLS STD V/H TLB SORT;27495;ST;Ingen endring;;
148651;51538094;INNSATS 550XLS STD V/H TLT RF;32169;ST;Ingen endring;;
148555;51537144;INNSATS 550XLS STD V/H TLT SORT;27495;ST;Ingen endring;;
148586;51537443;INNSATS FRISKLUFTSETT;731;ST;Ingen endring;;
135244;41147539;ISOLASJON 27MM Ø16 SV;68;PAR;;;
135187;43935125;ISOLASJON 27MM Ø20 SV;77;PAR;;;
100328;25417668;ISOLASJON 35MM Ø25 RONDO;136;PAR;;;
100329;25417783;ISOLASJON 40MM Ø30 RONDO;161;PAR;;;
135268;21771928;ISOLASJON 55MM Ø16 RONDO;131;PAR;;;
135354;21772033;ISOLASJON 55MM Ø20 RONDO;142;PAR;;;
900002026;52047134;ISOLASJON PÅ RULL 13X950X1000MM;114;M;;;
900007613;;ISOLASJON TIL DM ALU LUKE;144;ST;;;
900006309;;ISOLASJON TUBE 955MM 25MM Ø191/241;265;ST;;;
131074;48844740;JUSTERBART RØRSETT GRÅ Ø150 PMV;1042;ST;;;
131075;48844755;JUSTERBART RØRSETT HVIT Ø150 PMV;1042;ST;;;
131073;48058526;JUSTERBART RØRSETT SORT Ø150 PMV;1042;ST;;;
146809;51914482;KLEMBÅND TIL STØTTESTAG BLANK Ø250;332;ST;;;
146811;51914497;KLEMBÅND TIL STØTTESTAG BLANK Ø300;357;ST;;;
146813;51914501;KLEMBÅND TIL STØTTESTAG BLANK Ø350;383;ST;;;
147424;52003745;KLEMBÅND TIL STØTTESTAG SORT Ø250;332;ST;;;
147426;52003753;KLEMBÅND TIL STØTTESTAG SORT Ø300;357;ST;;;
147428;52003764;KLEMBÅND TIL STØTTESTAG SORT Ø350;383;ST;;;
106581;27809268;KONDENSPOTTE M/TUT Ø100 PPL;402;ST;;;
106584;27809276;KONDENSPOTTE M/TUT Ø130 PPL;417;ST;;;
106586;27809284;KONDENSPOTTE M/TUT Ø150 PPL;420;ST;;;
106588;27813583;KONDENSPOTTE M/TUT Ø180 PPL;427;ST;;;
106589;27813591;KONDENSPOTTE M/TUT Ø200 PPL;457;ST;;;
102684;25417437;KONDENSPOTTE Ø16 RONDO;537;ST;;;
117891;41433608;KONDENSPOTTE Ø16 SV;268;ST;;;
102685;25675158;KONDENSPOTTE Ø18;574;ST;;;
102686;25417528;KONDENSPOTTE Ø20;608;ST;;;
118693;43935394;KONDENSPOTTE Ø20 SV;295;ST;;;
102535;25417650;KONDENSPOTTE Ø25;954;ST;;;
102536;25417775;KONDENSPOTTE Ø30;967;ST;;;
136962;;KONSTANTTRYKKREGULATOR EBC20EU01;13414;ST;;;
149828;51953614;LIM SKAMOLEX 290ML PATRON;150;ST;Ingen endring;;
101205;;LOKK M/TREKKBEGRENSER Ø150 BLANK ICS25;1714;ST;;;
105495;;LOKK TIL RØYKINNFØRING KERANOVA Ø180;350;ST;;;
105004;;LOKK TIL T-RØR BLANK Ø150 ICS50;735;ST;;;
112402;47930332;LOKK TIL T-RØR GRÅ Ø150 PM50;588;ST;;;
113170;48843794;LOKK TIL T-RØR GRÅ Ø200 PM50;615;ST;;;
114543;48843824;LOKK TIL T-RØR GRÅ Ø250 PM50;708;ST;;;
112394;48843786;LOKK TIL T-RØR HVIT Ø150 PM50;588;ST;;;
113172;48843805;LOKK TIL T-RØR HVIT Ø200 PM50;615;ST;;;
114546;48843813;LOKK TIL T-RØR HVIT Ø250 PM50;708;ST;;;
101036;;LOKK TIL T-RØR M/AVTAPP Ø350 BLANK ICS25;1750;ST;;;
101037;;LOKK TIL T-RØR M/AVTAPP Ø400 BLANK ICS25;2450;ST;;;
121862;;LOKK TIL T-RØR M/DREN Ø500 BLANK ICS25;2100;ST;;;
113489;;LOKK TIL T-RØR SORT Ø150 PM25;545;ST;;;
112422;43670366;LOKK TIL T-RØR SORT Ø150 PM50;588;ST;;;
115033;47521997;LOKK TIL T-RØR SORT Ø200 PM25;609;ST;;;
113169;47522175;LOKK TIL T-RØR SORT Ø200 PM50;615;ST;;;
116008;47522001;LOKK TIL T-RØR SORT Ø250 PM25;679;ST;;;
114537;47522186;LOKK TIL T-RØR SORT Ø250 PM50;708;ST;;;
101108;;LOKK TIL T-RØR Ø180 BLANK ICS25;850;ST;;;
135125;45570980;LOKK TILLUFTADAPTER 80MM;117;ST;;;
135127;41618794;LOKK TILLUFTADAPTER Ø100MM;128;ST;;;
101115;;LOKK T-RØR  Ø500 BLANK ICS25;2395;ST;;;
101692;;LOKK T-RØR KERANOVA Ø16;465;ST;;;
101039;;LOKK T-RØR M/AVTAPPING Ø500 BLANK ICS25;3427;ST;;;
104997;;LOKK T-RØR MED AVTAPPING Ø250 BLANK ICS5;889;ST;;;
105929;44679558;LOKK T-RØR Ø130 PPL;326;ST;;;
105930;27886712;LOKK T-RØR Ø150 PPL;358;ST;;;
106060;27886696;LOKK T-RØR Ø180 PPL;393;ST;;;
105931;44679562;LOKK T-RØR Ø200 PPL;442;ST;;;
118568;44677742;L-RØR 730MM GRÅ Ø150 PMS25;3068;ST;;;
118279;44678158;L-RØR 730MM GRÅ Ø150 PMS50;3229;ST;;;
113664;44677761;L-RØR 730MM GRÅ Ø200 PMS25;4038;ST;;;
118275;44678181;L-RØR 730MM GRÅ Ø200 PMS50;4171;ST;;;
118570;44678506;L-RØR 730MM HVIT Ø150 PMS25;3068;ST;;;
118272;44678162;L-RØR 730MM HVIT Ø150 PMS50;3229;ST;;;
113670;44677776;L-RØR 730MM HVIT Ø200 PMS25;4038;ST;;;
118282;44678196;L-RØR 730MM HVIT Ø200 PMS50;4171;ST;;;
118571;44677738;L-RØR 730MM SORT Ø150 PMS25;3068;ST;;;
118284;44678143;L-RØR 730MM SORT Ø150 PMS50;3229;ST;;;
113665;44677757;L-RØR 730MM SORT Ø200 PMS25;4038;ST;;;
118288;44678177;L-RØR 730MM SORT Ø200 PMS50;4171;ST;;;
121340;48843737;L-RØR FORLENGER Ø150 GRÅ PMV25;552;ST;;;
121341;48843741;L-RØR FORLENGER Ø150 HVIT PMV25;552;ST;;;
120775;47262513;L-RØR GRÅ Ø150 PMV25;3280;ST;;;
120774;47262505;L-RØR HVIT Ø150 PMV25;3280;ST;;;
120773;47262494;L-RØR SORT Ø150 PMV25;3280;ST;;;
136986;48138580;LUKE CURVE MG10-201;1311;ST;;;
136987;47979975;LUKESETT RADIUS MG08-501;2011;ST;;;
137890;;LYDDEMPER 100CM 25DB Ø180 BLANK ICS25;13056;ST;;;
137892;;LYDDEMPER 25DB 1000MM Ø250 MATT;15369;ST;;;
146437;51017006;LÅSEBÅND 100MM Ø125 SORT;186;ST;;;
104467;48843832;LÅSEBÅND 100MM Ø200 BLANK;396;ST;;;
109835;48843843;LÅSEBÅND 100MM Ø200 GRÅ;317;ST;;;
110023;47930313;LÅSEBÅND 100MM Ø200 GRÅ;317;ST;;;
110026;47262456;LÅSEBÅND 100MM Ø200 SORT;317;ST;;;
101129;;LÅSEBÅND 100MM Ø250 BLANK;438;ST;;;
110161;48843877;LÅSEBÅND 100MM Ø250 BLANK;438;ST;;;
124059;48843900;LÅSEBÅND 100MM Ø250 BØRSTET;492;ST;;;
109882;48843881;LÅSEBÅND 100MM Ø250 GRÅ;351;ST;;;
110167;47930324;LÅSEBÅND 100MM Ø250 GRÅ;351;ST;;;
110163;;LÅSEBÅND 100MM Ø250 HVIT;351;ST;;;
110164;45636394;LÅSEBÅND 100MM Ø250 SORT;351;ST;;;
101131;48843926;LÅSEBÅND 100MM Ø300 BLANK;548;ST;;;
110288;45643897;LÅSEBÅND 100MM Ø300 BLANK;548;ST;;;
110279;45643920;LÅSEBÅND 100MM Ø300 GRÅ;438;ST;;;
110289;45643935;LÅSEBÅND 100MM Ø300 HVIT;438;ST;;;
110281;45643916;LÅSEBÅND 100MM Ø300 SORT;438;ST;;;
121135;49591515;LÅSEBÅND 100MM Ø350 GRÅ;511;ST;;;
121136;49591526;LÅSEBÅND 100MM Ø350 HVIT;511;ST;;;
146503;51773846;LÅSEBÅND 100MM Ø350 SORT;511;ST;;;
105944;27809334;LÅSEBÅND 30MM Ø100 PPL;121;ST;;;
105947;27809359;LÅSEBÅND 30MM Ø130 PPL;121;ST;;;
105949;27809367;LÅSEBÅND 30MM Ø150 PPL;142;ST;;;
105951;27809383;LÅSEBÅND 30MM Ø180 PPL;174;ST;;;
105952;27809391;LÅSEBÅND 30MM Ø200 PPL;174;ST;;;
105954;48843862;LÅSEBÅND 30MM Ø250 PPL;199;ST;;;
105955;48843915;LÅSEBÅND 30MM Ø300 PPL;211;ST;;;
119582;;LÅSEBÅND 400/0,4/316/MA/PPL06;263;ST;;;
109844;48843858;LÅSEBÅND 57MM Ø200 HVIT;317;ST;;;
109839;48034465;LÅSEBÅND 57MM Ø200 SORT;105;ST;;;
104423;;LÅSEBÅND 57MM Ø250 BLANK;180;ST;;;
109874;48843896;LÅSEBÅND 57MM Ø250 HVIT;144;ST;;;
109887;48034473;LÅSEBÅND 57MM Ø250 SORT;144;ST;;;
124060;48843953;LÅSEBÅND 57MM Ø300 BØRSTET;276;ST;;;
109975;48843934;LÅSEBÅND 57MM Ø300 GRÅ;438;ST;;;
109969;48843945;LÅSEBÅND 57MM Ø300 HVIT;189;ST;;;
109964;48157703;LÅSEBÅND 57MM Ø300 SORT;189;ST;;;
126361;;LÅSEBÅND BRED Ø15 ISOKERN;54;ST;;;
126494;;LÅSEBÅND BRED Ø17,5 ISOKERN;54;ST;;;
135206;;LÅSEBÅND SMAL Ø15 ISOKERN;42;ST;;;
127673;;LÅSEBÅND Ø20 ISOKERN;54;ST;;;
149833;51951972;MURMATERIELL KOMPLETT INNSATS;1650;ST;Ingen endring;;
130759;;MØRTELPOSE SCHIEDEL ISOKERN;6;ST;;;
137009;25417908;NØKKEL SOT-FEIELUKE;73;ST;;;
149840;51952040;OMRAMMING JUPITER INKL BRANNMUR;5053;ST;Ingen endring;;
149839;51952036;OMRAMMING MARS INKL BRANNMUR;6074;ST;Ingen endring;;
149834;51951983;OMRAMMING MERKUR INKL BRANNMUR;4842;ST;Ingen endring;;
149836;51952002;OMRAMMING SATURN INKL BRANNMUR;6331;ST;Ingen endring;;
149835;51951998;OMRAMMING TELLUS INKL BRANNMUR;6713;ST;Ingen endring;;
149837;51952017;OMRAMMING URANUS INKL BRANNMUR;6331;ST;Ingen endring;;
149838;51952021;OMRAMMING VENUS INKL BRANNMUR;5550;ST;Ingen endring;;
143935;49890286;OPPSTARTSVIFTE SORT;5466;ST;;;
143936;49890294;OPPSTARTVIFTE BLANK;5466;ST;;;
147804;;OVERBESLAG 0-10GR BLANK Ø250 PMS50;3169;ST;;;
147805;;OVERBESLAG 0-10GR BLANK Ø300 PMV50;3427;ST;;;
135347;47992397;OVERBESLAG 0-10GR SORT Ø250 PMS50;2536;ST;;;
135348;45643806;OVERBESLAG 0-10GR SORT Ø300 PMV50;2742;ST;;;
101228;;OVERBESLAG 0GR 300 BLANK ICS25;1773;ST;;;
101230;;OVERBESLAG 0GR 400 BLANK ICS25;2264;ST;;;
101234;;OVERBESLAG 0GR 600 BLANK ICS25;3349;ST;;;
147800;;OVERBESLAG 11-32G BLANK Ø250 PMS50;3198;ST;;;
147802;;OVERBESLAG 11-32G BLANK Ø300 PMV50;3581;ST;;;
135351;42179056;OVERBESLAG 11-32G SORT Ø250 PMS50;2558;ST;;;
135349;45643973;OVERBESLAG 11-32G SORT Ø300 PMV50;2865;ST;;;
101256;;OVERBESLAG 26-35GR BLY ICS25 Ø350 BLANK;3690;ST;;;
101387;;OVERBESLAG 26-35GR BLY ICS25 Ø450 BLANK;4762;ST;;;
101388;;OVERBESLAG 26-35GR BLY ICS25 Ø500 BLANK;5756;ST;;;
147801;;OVERBESLAG 33-45G BLANK Ø250 PMS50;3313;ST;;;
147803;;OVERBESLAG 33-45G BLANK Ø300 PMV50;3696;ST;;;
135352;42179075;OVERBESLAG 33-45G SORT Ø250 PMS50;2650;ST;;;
135350;45643984;OVERBESLAG 33-45G SORT Ø300 PMV50;2958;ST;;;
101395;;OVERBESLAG 36-45GR BLY ICS25 Ø450 BLANK;4250;ST;;;
101262;;OVERBESLAG BLY 36-45GR Ø450 BLANK;3690;ST;;;
101396;;OVERBESLAG BLY 36-45GR Ø600 BLANK;5756;ST;;;
138118;49593944;OVERBESLAG Ø350 0-10GR SORT;3338;ST;;;
138119;49593952;OVERBESLAG Ø350 11-32GR SORT;3572;ST;;;
138120;49593963;OVERBESLAG Ø350 33-45GR SORT;3735;ST;;;
138121;;OVERBESLAG Ø400 0-10GR SORT;2962;ST;;;
138122;;OVERBESLAG Ø400 11-32GR SORT;4096;ST;;;
138123;;OVERBESLAG Ø400 33-45GR SORT;3165;ST;;;
109768;45644423;OVERG 80-106 TILLUFTK BLANK Ø150 PMV;261;ST;;;
109770;45644442;OVERG 80-106 TILLUFTK GRÅ Ø150 PMV;209;ST;;;
109769;45644457;OVERG 80-106 TILLUFTK HVIT Ø150 PMV;209;ST;;;
109767;45644438;OVERG 80-106 TILLUFTK SORT Ø150 PMV;209;ST;;;
109825;45644741;OVERG 80-65 TILLUFTK BLANK Ø150 PMV;364;ST;;;
109820;45644760;OVERG 80-65 TILLUFTK GRÅ Ø150 PMV;292;ST;;;
109821;;OVERG 80-65 TILLUFTK HVIT Ø150 PMV;292;ST;;;
109823;45644756;OVERG 80-65 TILLUFTK SORT Ø150 PMV;292;ST;;;
109763;;OVERG 80-82 TILLUFTK BLANK Ø150 PMV;261;ST;;;
109765;45644404;OVERG 80-82 TILLUFTK GRÅ Ø150 PMV;209;ST;;;
109764;45644412;OVERG 80-82 TILLUFTK HVIT Ø150 PMV;209;ST;;;
109766;45644385;OVERG 80-82 TILLUFTK SORT Ø150 PMV;209;ST;;;
110000;27809417;OVERGANG 100-125 PPL;444;ST;;;
101787;27809458;OVERGANG 100-150 PPL;444;ST;;;
135123;42169294;OVERGANG 100MM-80MM;164;ST;;;
109875;27805274;OVERGANG 125-150 SORT Ø150;568;ST;;;
101796;42250653;OVERGANG 130-150 PPL;500;ST;;;
110126;27813559;OVERGANG 150-125 PPL;500;ST;;;
110269;27812783;OVERGANG 180-125 PPL;500;ST;;;
110351;27813567;OVERGANG 180-150 PPL;500;ST;;;
110177;27886688;OVERGANG 180-200 PPL;518;ST;;;
110422;27809441;OVERGANG 200-125 PPL;500;ST;;;
110486;27809466;OVERGANG 200-150 PPL;500;ST;;;
141898;49590985;OVERGANG 25/50 Ø200 BLANK PMV50;2017;ST;;;
141896;49590966;OVERGANG 25/50 Ø200 GRÅ PMV50;1615;ST;;;
141897;49590974;OVERGANG 25/50 Ø200 HVIT PMV50;1615;ST;;;
141895;49590940;OVERGANG 25/50 Ø200 SORT PMV50;1615;ST;;;
110973;;OVERGANG 250-150 PPL;580;ST;;;
101775;;OVERGANG 250-180 PPL;580;ST;;;
137762;;OVERGANG 250-200 PPL;594;ST;;;
114319;44678385;OVERGANG 2550 130/230/0,6/444/SORT/PMS50;995;ST;;;
135121;45571014;OVERGANG 80MM-63MM;164;ST;;;
112326;45644317;OVERGANG BLANK Ø150 PMV25/50;1552;ST;;;
106905;;OVERGANG BUNN FLEX Ø100 PPL;237;ST;;;
106908;44679615;OVERGANG BUNN FLEX Ø130 PPL;237;ST;;;
106910;42250944;OVERGANG BUNN FLEX Ø150 PPL;237;ST;;;
106912;42250982;OVERGANG BUNN FLEX Ø180 PPL;237;ST;;;
106913;42251016;OVERGANG BUNN FLEX Ø200 PPL;325;ST;;;
106915;;OVERGANG BUNN FLEX Ø250 PPL;325;ST;;;
106916;;OVERGANG BUNN FLEX Ø300 PPL;325;ST;;;
114322;44678423;OVERGANG GRÅ Ø150 PMS25/PMS50;1021;ST;;;
112300;45644336;OVERGANG GRÅ Ø150 PMV25/50;1242;ST;;;
115377;44678457;OVERGANG GRÅ Ø200 PMS25/PMS50;1316;ST;;;
101196;;OVERGANG HANN PPL/ICS25 Ø250 BLANK;730;ST;;;
101182;;OVERGANG HUNN PPL/ICS25 Ø250 BLANK;730;ST;;;
114324;44678438;OVERGANG HVIT Ø150 PMS25/PMS50;1021;ST;;;
112301;50662776;OVERGANG HVIT Ø150 PMV25/50;1242;ST;;;
115381;44678461;OVERGANG HVIT Ø200 PMS25/PMS50;1316;ST;;;
101201;;OVERGANG ICS25 TIL PPL Ø500 BLANK;2765;ST;;;
101199;;OVERGANG ICS25-PPL Ø400 BLANK HUNN;2137;ST;;;
101200;;OVERGANG ICS25-PPL Ø450 BLANK (HUNN);2650;ST;;;
105358;;OVERGANG ICS50 TIL PPL Ø500 BLANK;2850;ST;;;
101198;;OVERGANG ICS-PPL 350 BLANK/ICS25;1029;ST;;;
101193;;OVERGANG ICS-PPL Ø150 BLANK ICS25;765;ST;;;
114485;;OVERGANG ISOLIGHT PMS25 SORT Ø150;1842;ST;;;
116170;47522118;OVERGANG PM25/PM50 SORT Ø250 PM25;1579;ST;;;
105352;;OVERGANG PPL TIL ICS50 Ø500 BLANK;2850;ST;;;
112881;;OVERGANG PPL/ICS25 Ø350 BLANK;1029;ST;;;
113163;;OVERGANG PPL-ICS25 Ø400 BLANK HANN;1979;ST;;;
114400;;OVERGANG PPL-ICS25 Ø500 (HANN);2137;ST;;;
114320;44678412;OVERGANG SORT Ø150 PMS25/PMS50;1021;ST;;;
112299;45644321;OVERGANG SORT Ø150 PMV25/50;1242;ST;;;
115374;44678442;OVERGANG SORT Ø200 PMS25/PMS50;1316;ST;;;
106892;;OVERGANG TOPP FLEX Ø100 PPL;237;ST;;;
106894;;OVERGANG TOPP FLEX Ø120 PPL;237;ST;;;
106895;44686755;OVERGANG TOPP FLEX Ø130 PPL;237;ST;;;
106897;42250785;OVERGANG TOPP FLEX Ø150 PPL;237;ST;;;
106899;42250842;OVERGANG TOPP FLEX Ø180 PPL;237;ST;;;
106900;42250914;OVERGANG TOPP FLEX Ø200 PPL;325;ST;;;
106902;;OVERGANG TOPP FLEX Ø250 PPL;325;ST;;;
106903;;OVERGANG TOPP FLEX Ø300 PPL;325;ST;;;
149140;51914622;OVERGANG Ø100 REKT- RUND BLANK PMV25;525;ST;;;
900007783;;OVERLIGGER TIL HEKLA+KINGFIRE;1033;ST;;;
137619;49557037;OVN CLASSICO WOODFOOD;21950;ST;;;
137630;49557041;OVN GRANDE WOODFOOD;27091;ST;;;
137611;49541898;OVN PICCOLO WOODFOOD;14933;ST;;;
120431;;PAKNING FOR SKJØTER SILIKON ICS25 Ø350;332;ST;;;
120428;;PAKNING FOR SKJØTER SILIKON ICS25 Ø500;375;ST;;;
120427;;PAKNING FOR SKJØTER Ø550;355;ST;;;
120429;;PAKNING SILIKON 450;291;ST;;;
149871;51952316;PEIS KOMPLETT SORT H JUPITER;47750;ST;Ingen endring;;
149870;51952301;PEIS KOMPLETT SORT H MARS;34598;ST;Ingen endring;;
149865;51952252;PEIS KOMPLETT SORT H MERKUR;31277;ST;Ingen endring;;
149867;51952278;PEIS KOMPLETT SORT H SATURN;38335;ST;Ingen endring;;
149866;51952263;PEIS KOMPLETT SORT H TELLUS;35237;ST;Ingen endring;;
149868;51952282;PEIS KOMPLETT SORT H URANUS;39728;ST;Ingen endring;;
149869;51952297;PEIS KOMPLETT SORT H VENUS;31985;ST;Ingen endring;;
149878;51952384;PEIS KOMPLETT SORT V  JUPITER;47750;ST;Ingen endring;;
149877;51952373;PEIS KOMPLETT SORT V  MARS;34598;ST;Ingen endring;;
149872;51952320;PEIS KOMPLETT SORT V  MERKUR;31277;ST;Ingen endring;;
149874;51952346;PEIS KOMPLETT SORT V  SATURN;38335;ST;Ingen endring;;
149873;51952335;PEIS KOMPLETT SORT V  TELLUS;35237;ST;Ingen endring;;
149875;51952354;PEIS KOMPLETT SORT V  URANUS;39728;ST;Ingen endring;;
149876;51952365;PEIS KOMPLETT SORT V  VENUS;31985;ST;Ingen endring;;
135246;;"PEIS MAGNUM 30""";8306;ST;;;
129371;;"PEIS MAGNUM 36""";8653;ST;;;
129568;;"PEIS MAGNUM 42""";9228;ST;;;
129767;;"PEIS MAGNUM 48""";9805;ST;;;
136991;47979922;PEISOVN CURVE 100G-HS;20844;ST;;;
136992;47979918;PEISOVN CURVE 100S-HS;15096;ST;;;
136989;47979956;PEISOVN CURVE 300G-HS;25786;ST;;;
136990;47979937;PEISOVN CURVE 300S-HS;20645;ST;;;
136994;47468574;PEISOVN RADIUS-100;16930;ST;;;
136993;47979892;PEISOVN RADIUS-300;27600;ST;;;
135292;25417890;PIPEHATT;918;ST;;;
136932;27812809;PIPEHATT 110X160 0VAL;542;ST;;;
114353;;PIPEHATT 130/-/0,6/316/SORT/PM50;1364;ST;;;
115199;;PIPEHATT 150/-/0,5/316/BLANK/ICS50;1919;ST;;;
120854;45641052;PIPEHATT 150/316/6L/PPL06;708;ST;;;
120856;46384202;PIPEHATT 180/316/6L/PPL06;948;ST;;;
116497;;Pipehatt 200/-/0,5/316/BL/PM25;1694;ST;;;
116879;;PIPEHATT 200/-/0,5/316/BLANK/ICS50;2621;ST;;;
117906;;PIPEHATT 250/-/-/444/GY/PM50;2515;ST;;;
101220;;PIPEHATT 350/-/0,5/316/BLANK/ICS25;1602;ST;;;
121287;50662984;PIPEHATT 350/-/0,6/316/SORT/PM50;2874;ST;;;
117337;45644703;PIPEHATT BLANK Ø15 PMV50;2985;ST;;;
135103;;PIPEHATT DM80;1197;ST;;;
115196;44584241;PIPEHATT GRÅ Ø150 PM50;1474;ST;;;
117333;45644722;PIPEHATT GRÅ Ø150 PMV50;2384;ST;;;
116877;48843972;PIPEHATT GRÅ Ø200 PM50;2097;ST;;;
121128;48843998;PIPEHATT GRÅ Ø250 PM25;2515;ST;;;
115195;48843964;PIPEHATT HVIT Ø150 PM50;1474;ST;;;
117339;45644737;PIPEHATT HVIT Ø150 PMV50;2384;ST;;;
116876;48843983;PIPEHATT HVIT Ø200 PM50;2097;ST;;;
135155;25675588;PIPEHATT INNFESTNING;99;ST;;;
101221;;PIPEHATT KONISK Ø400 BLANK ICS25;2314;ST;;;
101223;;PIPEHATT KONISK Ø500 BLANK ICS25;2724;ST;;;
117870;;PIPEHATT M/HATT-LUKKET ICS25 Ø450 BLANK;2679;ST;;;
115200;42179041;PIPEHATT SORT Ø150 PM50;1474;ST;;;
117332;45644718;PIPEHATT SORT Ø150 PMV50;2384;ST;;;
116878;47522156;PIPEHATT SORT Ø200 PM50;2097;ST;;;
117699;47521982;PIPEHATT SORT Ø250 PM25;2033;ST;;;
117908;47522160;PIPEHATT SORT Ø250 PM50;2515;ST;;;
120849;;PIPEHATT Ø100 PPL;656;ST;;;
120852;;PIPEHATT Ø130 PPL;675;ST;;;
141958;49591500;PIPEHATT Ø200 BLANK PMV50;3562;ST;;;
141956;49591481;PIPEHATT Ø200 GRÅ PMV50;3098;ST;;;
141957;49591496;PIPEHATT Ø200 HVIT PMV50;3098;ST;;;
120857;;PIPEHATT Ø200 PPL;1165;ST;;;
141955;49591477;PIPEHATT Ø200 SORT PMV50;3098;ST;;;
116792;;PIPEHATT Ø300 BLANK ICS25;1424;ST;;;
121244;;PIPEHATT Ø300 SORT PM50;2764;ST;;;
118461;;PIPEHATT Ø350 BLANK ICS25;2382;ST;;;
136984;23092919;PIPEPLATTFORM MINI SORT;3258;ST;;;
136946;;PIPETOPP 39X39 PMS/PMV;912;ST;;;
137008;;PIPETOPP Ø16 46X46CM SV;1399;ST;;;
137007;;PIPETOPP Ø20 51X51CM SV;1522;ST;;;
142605;49556984;PIZZA SETT WOODFOOD;3754;ST;;;
111851;;PMS50 15ｰ BEND 316 Ø150 BLACK *;1683;ST;;;
149832;;POSER 15x15CM ARTO ;15;ST;Ingen endring;;
111296;44257322;PYNTEDEKSEL H:150MM GRÅ Ø200;665;ST;;;
111894;47930135;PYNTEDEKSEL H:150MM GRÅ Ø250;764;ST;;;
111298;;PYNTEDEKSEL H:150MM HVIT Ø200;665;ST;;;
111885;;PYNTEDEKSEL H:150MM HVIT Ø250;764;ST;;;
112016;;PYNTEDEKSEL H:150MM HVIT Ø300;1052;ST;;;
111297;43934872;PYNTEDEKSEL H:150MM SORT Ø200;665;ST;;;
111877;45973438;PYNTEDEKSEL H:150MM SORT Ø250;764;ST;;;
112014;;PYNTEDEKSEL H:150MM SORT Ø300;1052;ST;;;
111631;;PYNTEDEKSEL H:150MM Ø230 SORT;449;ST;;;
112372;46122682;PYNTEDEKSEL H:200MM SORT Ø250;822;ST;;;
112830;47521880;PYNTEDEKSEL H:200MM SORT Ø300;904;ST;;;
119456;46066364;PYNTEDEKSEL H:250MM SORT Ø250;858;ST;;;
147454;51223022;PYNTERING M/FJﾆR Ø125/Ø225 SORT;243;ST;;;
147455;51223037;PYNTERING M/FJﾆR Ø150/Ø260 SORT;243;ST;;;
146436;51016995;PYNTERING SORT Ø125;277;ST;;;
144256;50876798;PYNTERING TODELT Ø150 SORT;219;ST;;;
144292;50876783;PYNTERING Ø150 SORT;207;ST;;;
149860;51953644;RAMME MÅLTILPASSET TILLEGG A-TYPE;1096;ST;Ingen endring;;
121338;47992382;RAMMEFORLENGER 18X18X55CM;650;ST;;;
100440;25417940;RAMMEFORLENGER 18X30X55CM;709;ST;;;
133099;48130842;REGNAVDEKNING 150/-/0,6/316/316/PPL06;367;ST;;;
133100;48130880;REGNAVDEKNING 160/-/0,6/316/316/PPL06;377;ST;;;
133101;48130876;REGNAVDEKNING 200/-/0,6/316/316/PPL06;405;ST;;;
133102;51066184;Regnavdekning 250/-/0,6/316/316/PPL06;445;ST;;;
117350;;REGNHATT Ø350 BLANK ICS25;1898;ST;;;
100974;;REGNKRAVE 250/140/-/304/BLANK;709;ST;;;
111705;;REGNKRAVE 250/220/0,6 BLANK ICS25;409;ST;;;
111362;;REGNKRAVE 350/140/0,6 BLANK ICS25;445;ST;;;
114279;;REGNKRAVE 550/0,6 BLANK ICS25;650;ST;;;
100976;45643814;REGNKRAVE BLANK Ø300;834;ST;;;
100977;48844036;REGNKRAVE BLANK Ø350;936;ST;;;
100980;;REGNKRAVE FOR ICS25 Ø450 BLANK;907;ST;;;
110457;48844017;REGNKRAVE GRÅ Ø250;567;ST;;;
110388;45643833;REGNKRAVE GRÅ Ø300;669;ST;;;
110461;48844040;REGNKRAVE GRÅ Ø350;814;ST;;;
110473;48844021;REGNKRAVE HVIT Ø250;567;ST;;;
110386;45643844;REGNKRAVE HVIT Ø300;669;ST;;;
110467;48844055;REGNKRAVE HVIT Ø350;814;ST;;;
110460;43670393;REGNKRAVE SORT Ø250;567;ST;;;
110391;45643825;REGNKRAVE SORT Ø300;669;ST;;;
110472;47521857;REGNKRAVE SORT Ø350;814;ST;;;
106133;47367460;REGNKRAVE Ø100 PPL;168;ST;;;
106136;47276558;REGNKRAVE Ø130 PPL;182;ST;;;
106138;47276562;REGNKRAVE Ø150 PPL;190;ST;;;
137759;48112120;REGNKRAVE Ø170 PPL;225;ST;;;
106140;47276581;REGNKRAVE Ø180 PPL;209;ST;;;
137760;48112135;REGNKRAVE Ø189-Ø200 PPL;244;ST;;;
137761;48112146;REGNKRAVE Ø210 PPL;262;ST;;;
106142;47276600;REGNKRAVE Ø230 PPL;269;ST;;;
100978;;REGNKRAVE Ø400 BLANK;639;ST;;;
100981;;REGNKRAVE Ø550 BLANK;880;ST;;;
136965;;REGULATOR 15 AMP MANUELL;1731;ST;;;
136953;;REGULATOR 15 AMPEPUS;3961;ST;;;
900006704;;REPARASJONSPUSS HVIT;190;ST;;;
136967;;REPERASJONSBRYTER 3POL16A REPSW2X16;1881;ST;;;
146663;51066426;RØKVENDERPLATE NEDRE RADIUS IG08-061;467;ST;;;
146665;51066332;RØKVENDERPLATE ØVRE RADIUS IG08-071;222;ST;;;
111800;;RØRBEND 130/30/0,6/444/SORT/PMS25;1343;ST;;;
112498;;RØRBEND 130/45/0,6/444/SORT/PMS25;1343;ST;;;
111814;51249800;RØRBEND 150/15/0,5/444/SORT/PMS25;1461;ST;;;
110488;;RØRBEND 150/30/0,6/316/SVART/PS06;270;ST;;;
115095;;RØRBEND 150/30/0,6/444/GRÅ/PMS50;1683;ST;;;
115098;;RØRBEND 150/30/0,6/444/SORT/PMS50;1683;ST;;;
113434;48844195;RØRBEND 15G GRÅ Ø250 PM25;2485;ST;;;
113429;48844206;RØRBEND 15G HVIT Ø250 PM25;2485;ST;;;
111837;;RØRBEND 15G SORT Ø130 PMS50;1343;ST;;;
111813;46384096;RØRBEND 15G SORT Ø150 PMS50;1683;ST;;;
113432;48844214;RØRBEND 15G SORT Ø250 PM25;2485;ST;;;
148426;51557183;RØRBEND 15GR Ø150 SORT PMV25;2043;ST;;;
100733;48844180;RØRBEND 15GR Ø250 BLANK ICS25;2857;ST;;;
117013;;RØRBEND 200/63/0,6/444/SORT/PMS50;2186;ST;;;
114816;48844233;RØRBEND 30G GRÅ Ø250 PM25;2485;ST;;;
114819;48844244;RØRBEND 30G HVIT Ø250 PM25;2485;ST;;;
112151;51249815;RØRBEND 30G SORT Ø150 PMS25;1461;ST;;;
115089;;RØRBEND 30G SORT Ø200 PMS50;2186;ST;;;
114818;48844252;RØRBEND 30G SORT Ø250 PM25;2485;ST;;;
121200;;RØRBEND 30G SORT Ø300 PM50;3296;ST;;;
115076;;RØRBEND 30GR Ø150 SORT PM50;1935;ST;;;
148442;51557198;RØRBEND 30GR Ø150 SORT PMV25;2043;ST;;;
100747;48844225;RØRBEND 30GR Ø250 BLANK ICS25;2857;ST;;;
100763;;RØRBEND 350/45/0,6/316S/BLANK/ICS25;3121;ST;;;
121209;;RØRBEND 350/45/0,6/444/SORT/PM50;3733;ST;;;
114478;;RØRBEND 45G BLANK Ø150 PMV25;2552;ST;;;
116208;48844066;RØRBEND 45G BLANK Ø150 PMV50;2647;ST;;;
124065;48844074;RØRBEND 45G BØRSTET Ø150 PMS50;2356;ST;;;
124066;48844161;RØRBEND 45G BØRSTET Ø200 PMS50;3059;ST;;;
112808;47930381;RØRBEND 45G GRÅ Ø150 PMS25;1461;ST;;;
115720;47930396;RØRBEND 45G GRÅ Ø150 PMS50;1683;ST;;;
114481;47930377;RØRBEND 45G GRÅ Ø150 PMV25;2043;ST;;;
116345;48844085;RØRBEND 45G GRÅ Ø150 PMV50;2302;ST;;;
116604;;RØRBEND 45G GRÅ Ø200 PMS50;2186;ST;;;
115306;48844278;RØRBEND 45G GRÅ Ø250 PM25;2485;ST;;;
112809;48844093;RØRBEND 45G HVIT Ø150 PMS25;1461;ST;;;
115726;;RØRBEND 45G HVIT Ø150 PMS50;1683;ST;;;
114479;45644340;RØRBEND 45G HVIT Ø150 PMV25;2043;ST;;;
116341;48844104;RØRBEND 45G HVIT Ø150 PMV50;2302;ST;;;
116602;48844176;RØRBEND 45G HVIT Ø200 45 PMS50;2186;ST;;;
115302;48844282;RØRBEND 45G HVIT Ø250 PM25;2485;ST;;;
112813;46384062;RØRBEND 45G SORT Ø150 PMS25;1461;ST;;;
115724;45485421;RØRBEND 45G SORT Ø150 PMS50;1683;ST;;;
114480;45860897;RØRBEND 45G SORT Ø150 PMV25;2043;ST;;;
116344;46152006;RØRBEND 45G SORT Ø150 PMV50;2302;ST;;;
114399;47522258;RØRBEND 45G SORT Ø200 PMS25;2075;ST;;;
116597;46465697;RØRBEND 45G SORT Ø200 PMS50;2186;ST;;;
115305;47521978;RØRBEND 45G SORT Ø250 PM25;2485;ST;;;
117315;47522141;RØRBEND 45G SORT Ø250 PM50;2624;ST;;;
121095;;RØRBEND 45G SORT Ø300 PM25;2736;ST;;;
121206;48844297;RØRBEND 45G SORT Ø300 PM50;3296;ST;;;
146435;51016980;RØRBEND 45G SORT Ø80 PMS25;724;ST;;;
112812;;RØRBEND 45GR SORT Ø150 PM25;1720;ST;;;
106371;;RØRBEND 45GR Ø120 PPL;716;ST;;;
100759;;RØRBEND 45GR Ø180 BLANK ICS25;1071;ST;;;
100760;;RØRBEND 45GR Ø200 BLANK ICS25;2572;ST;;;
100761;48844263;RØRBEND 45GR Ø250 BLANK ICS25;2857;ST;;;
100762;;RØRBEND 45GR Ø300 BLANK ICS25;3143;ST;;;
100766;;RØRBEND 45GR Ø500 BLANK ICS25;3501;ST;;;
114562;48844112;RØRBEND 63G BLANK Ø150 PMS25;1683;ST;;;
114564;48844123;RØRBEND 63G GRÅ Ø150 PMS25;1461;ST;;;
116072;48844138;RØRBEND 63G GRÅ Ø150 PMS50;1683;ST;;;
114557;48844142;RØRBEND 63G HVIT Ø150 PMS25;1461;ST;;;
116070;48844157;RØRBEND 63G HVIT Ø150 PMS50;1683;ST;;;
116066;46381175;RØRBEND 63G SORT Ø150 PMS50;1683;ST;;;
114500;;RØRBEND 90G M/LUKE SORT Ø150 PMS25;1949;ST;;;
117782;52047145;RØRBEND 90G M/LUKE SORT Ø150 PMS50;2296;ST;;;
100815;;RØRBEND 90GR 200/0,5 BLANK ICS25;1077;ST;;;
100817;;RØRBEND 90GR 300/0,6 BLANK ICS25;1479;ST;;;
101034;;RØRBEND 90GR LUKE BLANK Ø250 ICS25;3134;ST;;;
113568;;RØRBEND 90GR M/LUKE BLANK ICS50;4155;ST;;;
117783;48844301;RØRBEND 90GR M/LUKE GRÅ Ø150 PMS50;2296;ST;;;
118424;48844320;RØRBEND 90GR M/LUKE GRÅ Ø200 PMS50;2506;ST;;;
116841;48844354;RØRBEND 90GR M/LUKE GRÅ Ø250 PM25;2725;ST;;;
113572;48844365;RØRBEND 90GR M/LUKE GRÅ Ø250 PM50;3059;ST;;;
117780;48844316;RØRBEND 90GR M/LUKE HVIT Ø150 PMS50;2296;ST;;;
118430;48844335;RØRBEND 90GR M/LUKE HVIT Ø200 PMS50;2506;ST;;;
116845;48844373;RØRBEND 90GR M/LUKE HVIT Ø250 PM25;2725;ST;;;
113577;48844384;RØRBEND 90GR M/LUKE HVIT Ø250 PM50;3059;ST;;;
100847;;RØRBEND 90GR M/LUKE ICS25 Ø450 BLANK;6141;ST;;;
147688;;RØRBEND 90GR M/LUKE SORT Ø150 PM25;2545;ST;;;
118423;48844346;RØRBEND 90GR M/LUKE SORT Ø200 PMS50;2506;ST;;;
116843;48844392;RØRBEND 90GR M/LUKE SORT Ø250 PM25;2725;ST;;;
113575;48844403;RØRBEND 90GR M/LUKE SORT Ø250 PM50;2774;ST;;;
109587;;RØRBEND 90GR M/LUKE Ø180 BLANK ICS25;1887;ST;;;
100846;;RØRBEND 90GR M/LUKE Ø400 BLANK ICS25;6114;ST;;;
100848;;RØRBEND 90GR M/LUKE Ø500 BLANK ICS25;7270;ST;;;
142371;51185237;RØRBEND 90GR Ø80 SORT PMV25;176;ST;;;
106356;;RØRBEND JUSTERBART 0-45G Ø100 PPL;383;ST;;;
106359;27813518;RØRBEND JUSTERBART 0-45G Ø130 PPL;395;ST;;;
106361;27813526;RØRBEND JUSTERBART 0-45G Ø150 PPL;519;ST;;;
106363;27813534;RØRBEND JUSTERBART 0-45G Ø180 PPL;627;ST;;;
106364;27813542;RØRBEND JUSTERBART 0-45G Ø200 PPL;687;ST;;;
106366;;RØRBEND JUSTERBART 0-45G Ø250 PPL;1040;ST;;;
106452;44679543;RØRBEND JUSTERBART 0-90G LUKE Ø100 PPL;436;ST;;;
106455;;RØRBEND JUSTERBART 0-90G LUKE Ø130 PPL;456;ST;;;
106457;44679524;RØRBEND JUSTERBART 0-90G LUKE Ø150 PPL;703;ST;;;
106459;44679600;RØRBEND JUSTERBART 0-90G LUKE Ø180 PPL;1023;ST;;;
106460;;RØRBEND JUSTERBART 0-90G LUKE Ø200 PPL;1068;ST;;;
106462;48844422;RØRBEND JUSTERBART 0-90G Ø250 PPL;1133;ST;;;
106463;48844437;RØRBEND JUSTERBART 0-90G Ø300 PPL;1358;ST;;;
111353;;RØRBEND LUKE 150/90/0,6/316/SVART/PS06;527;ST;;;
119992;;RØRBEND LUKE 150/90/1,0/316/SVART/PS10;603;ST;;;
100845;;RØRBEND M/LUKE 350/90/316/BLANK/ICS25;3914;ST;;;
144340;50876745;RØRBEND M/LUKE 45GR Ø150 SORT;414;ST;;;
109588;;RØRBEND M/LUKE 90GR 200 BLANK ICS25;2434;ST;;;
117563;;RØRBEND M/LUKE 90GR 300 BLANK ICS25;3655;ST;;;
144338;51066173;RØRBEND M/LUKE 90GR Ø150 SORT;417;ST;;;
144310;50876764;RØRBEND U/LUKE 30GR Ø150 SORT;277;ST;;;
144308;50876772;RØRBEND U/LUKE 45GR Ø150 SORT;277;ST;;;
144306;50876753;RØRBEND U/LUKE 90GR Ø150 SORT;414;ST;;;
141945;49591424;RØRBEND Ø200 45GR BLANK PMV25;3052;ST;;;
141949;49591462;RØRBEND Ø200 45GR BLANK PMV50;3440;ST;;;
141943;49591405;RØRBEND Ø200 45GR GRÅ PMV25;2654;ST;;;
141947;49591443;RØRBEND Ø200 45GR GRÅ PMV50;2993;ST;;;
141944;49591413;RØRBEND Ø200 45GR HVIT PMV25;2654;ST;;;
141948;49591458;RØRBEND Ø200 45GR HVIT PMV50;2993;ST;;;
141942;49591394;RØRBEND Ø200 45GR SORT PMV25;2654;ST;;;
141946;49591432;RØRBEND Ø200 45GR SORT PMV50;2993;ST;;;
117273;46702755;RØRLENGDE 1000MM BLANK Ø120 PMS50;1074;ST;;;
118459;45644196;RØRLENGDE 1000MM BLANK Ø150 PMV25;1977;ST;;;
113790;45644582;RØRLENGDE 1000MM BLANK Ø150 PMV50;2306;ST;;;
104787;48844486;RØRLENGDE 1000MM BLANK Ø250 ICS50;3292;ST;;;
124047;48844441;RØRLENGDE 1000MM BØRSTET Ø150 PMS50;2283;ST;;;
124048;48844456;RØRLENGDE 1000MM BØRSTET Ø200 PMS50;3052;ST;;;
117607;44677095;RØRLENGDE 1000MM GRÅ Ø150 PMS25;1261;ST;;;
117614;44677882;RØRLENGDE 1000MM GRÅ Ø150 PMS50;1631;ST;;;
118458;45644215;RØRLENGDE 1000MM GRÅ Ø150 PMV25;1582;ST;;;
113789;45644601;RØRLENGDE 1000MM GRÅ Ø150 PMV50;1845;ST;;;
118476;44677322;RØRLENGDE 1000MM GRÅ Ø200 PMS25;1685;ST;;;
118483;44677916;RØRLENGDE 1000MM GRÅ Ø200 PMS50;2181;ST;;;
113604;;RØRLENGDE 1000MM GRÅ Ø250 PM25;2013;ST;;;
113994;48844494;RØRLENGDE 1000MM GRÅ Ø250 PM50;2616;ST;;;
117605;44677216;RØRLENGDE 1000MM HVIT Ø150 PMS25;1261;ST;;;
117612;44677897;RØRLENGDE 1000MM HVIT Ø150 PMS50;1631;ST;;;
118457;45644226;RØRLENGDE 1000MM HVIT Ø150 PMV25;1582;ST;;;
113786;45644616;RØRLENGDE 1000MM HVIT Ø150 PMV50;1845;ST;;;
118466;44677666;RØRLENGDE 1000MM HVIT Ø200 PMS25;1685;ST;;;
118487;44677920;RØRLENGDE 1000MM HVIT Ø200 PMS50;2181;ST;;;
113608;48844505;RØRLENGDE 1000MM HVIT Ø250 PM25;2022;ST;;;
113991;48844513;RØRLENGDE 1000MM HVIT Ø250 PM50;2616;ST;;;
100709;;RØRLENGDE 1000MM ICS25 Ø450 BLANK;4296;ST;;;
117966;;RØRLENGDE 1000MM SORT Ø150 PM25;1372;ST;;;
117980;44677057;RØRLENGDE 1000MM SORT Ø150 PMS25;1261;ST;;;
117628;44677878;RØRLENGDE 1000MM SORT Ø150 PMS50;1631;ST;;;
118456;45644200;RØRLENGDE 1000MM SORT Ø150 PMV25;1582;ST;;;
113787;45644597;RØRLENGDE 1000MM SORT Ø150 PMV50;1845;ST;;;
118470;44677292;RØRLENGDE 1000MM SORT Ø200 PMS25;1685;ST;;;
118467;44677901;RØRLENGDE 1000MM SORT Ø200 PMS50;2181;ST;;;
113603;47521933;RØRLENGDE 1000MM SORT Ø250 PM25;2022;ST;;;
113993;47522065;RØRLENGDE 1000MM SORT Ø250 PM50;2616;ST;;;
113766;;RØRLENGDE 1000MM SORT Ø300 PM25;2384;ST;;;
119465;;RØRLENGDE 1000MM SORT Ø300 PM50;3009;ST;;;
106222;27809797;RØRLENGDE 1000MM Ø100 PPL;435;ST;;;
106225;27809813;RØRLENGDE 1000MM Ø130 PPL;524;ST;;;
106227;27809821;RØRLENGDE 1000MM Ø150 PPL;653;ST;;;
100702;;RØRLENGDE 1000MM Ø180 BLANK ICS25;1678;ST;;;
106229;27809847;RØRLENGDE 1000MM Ø180 PPL;810;ST;;;
106230;27809854;RØRLENGDE 1000MM Ø200 PPL;890;ST;;;
100705;48844475;RØRLENGDE 1000MM Ø250 BLANK ICS25;2326;ST;;;
106232;;RØRLENGDE 1000MM Ø250 PPL;1281;ST;;;
105089;;RØRLENGDE 1000MM Ø500 BLANK ICS50;6013;ST;;;
121944;;RØRLENGDE 1000MM Ø500 BLANK ICS50;6013;ST;;;
136937;27810852;RØRLENGDE 110X160 OVAL;919;ST;;;
117602;44676777;RØRLENGDE 130/1000/0,6/444/SORT/PMS25;1211;ST;;;
117631;44678544;RØRLENGDE 130/1000/0,6/444/SORT/PMS50;1570;ST;;;
112610;44678317;RØRLENGDE 130/250/0,6/444/SORT/PMS25;505;ST;;;
112622;;RØRLENGDE 130/250/0,6/444/SORT/PMS50;576;ST;;;
115398;44678264;RØRLENGDE 130/500/0,6/444/SORT/PMS25;743;ST;;;
115384;44677935;RØRLENGDE 130/500/0,6/444/SORT/PMS50;937;ST;;;
104784;;RØRLENGDE 150/1000/0,5/316S/BLANK/ICS50;1967;ST;;;
124053;;RØRLENGDE 150/250/0,6/444/BØRSTET/PMS50;802;ST;;;
104779;;RØRLENGDE 150/500/0,5/316S/BLANK/ICS50;1824;ST;;;
124050;;RØRLENGDE 150/500/0,6/444/BØRSTET/PMS50;1242;ST;;;
120601;;RØRLENGDE 150/500/1,0/316/SVART/PS10;392;ST;;;
117402;;RØRLENGDE 195-250MM Ø350 BLANK ICS25;1760;ST;;;
118196;;RØRLENGDE 195-250MM Ø500 BLANK ICS25;3659;ST;;;
100703;;RØRLENGDE 200/1000/0,5 BLANK ICS25;2055;ST;;;
104786;;RØRLENGDE 200/1000/0,5/316S/BLANK/ICS50;2726;ST;;;
100675;;RØRLENGDE 200/250/0,5 BLANK ICS25;768;ST;;;
100689;;RØRLENGDE 200/500/0,5 BLANK ICS25;1527;ST;;;
104781;;RØRLENGDE 200/500/0,5/316S/BLANK/ICS50;1700;ST;;;
100664;;RØRLENGDE 200MM Ø350 BLANK ICS25;1145;ST;;;
114342;45644272;RØRLENGDE 250MM BLANK Ø150 PMV25;825;ST;;;
115722;45644665;RØRLENGDE 250MM BLANK Ø150 PMV50;962;ST;;;
104777;48844532;RØRLENGDE 250MM BLANK Ø250 ICS50;1425;ST;;;
124054;48844460;RØRLENGDE 250MM BØRSTET Ø200 PMS50;1232;ST;;;
112893;44677723;RØRLENGDE 250MM GRÅ Ø150 PMS25;548;ST;;;
117593;44678060;RØRLENGDE 250MM GRÅ Ø150 PMS50;641;ST;;;
114362;45644298;RØRLENGDE 250MM GRÅ Ø150 PMV25;660;ST;;;
115725;45644684;RØRLENGDE 250MM GRÅ Ø150 PMV50;770;ST;;;
114260;44678366;RØRLENGDE 250MM GRÅ Ø200 PMS25;758;ST;;;
117633;44678094;RØRLENGDE 250MM GRÅ Ø200 PMS50;880;ST;;;
114922;;RØRLENGDE 250MM GRÅ Ø250 PM25;1034;ST;;;
116466;48844543;RØRLENGDE 250MM GRÅ Ø250 PM50;1055;ST;;;
112899;44678340;RØRLENGDE 250MM HVIT Ø150 PMS25;548;ST;;;
112601;44678075;RØRLENGDE 250MM HVIT Ø150 PMS50;641;ST;;;
114367;45644302;RØRLENGDE 250MM HVIT Ø150 PMV25;660;ST;;;
115728;45644692;RØRLENGDE 250MM HVIT Ø150 PMV50;770;ST;;;
114257;44678374;RØRLENGDE 250MM HVIT Ø200 PMS25;758;ST;;;
112617;44678105;RØRLENGDE 250MM HVIT Ø200 PMS50;880;ST;;;
114923;48844558;RØRLENGDE 250MM HVIT Ø250 PM25;909;ST;;;
116465;48844562;RØRLENGDE 250MM HVIT Ø250 PM50;1055;ST;;;
100680;;RØRLENGDE 250MM ICS25 Ø450 BLANK;1650;ST;;;
112889;44677712;RØRLENGDE 250MM SORT Ø150 PMS25;548;ST;;;
117597;44678056;RØRLENGDE 250MM SORT Ø150 PMS50;641;ST;;;
114366;45644283;RØRLENGDE 250MM SORT Ø150 PMV25;660;ST;;;
115721;45644673;RØRLENGDE 250MM SORT Ø150 PMV50;770;ST;;;
114258;44678355;RØRLENGDE 250MM SORT Ø200 PMS25;758;ST;;;
117594;44678086;RØRLENGDE 250MM SORT Ø200 PMS50;880;ST;;;
114920;47521952;RØRLENGDE 250MM SORT Ø250 PM25;909;ST;;;
116464;47522084;RØRLENGDE 250MM SORT Ø250 PM50;1055;ST;;;
121184;;RØRLENGDE 250MM SORT Ø300 PM50;1012;ST;;;
146434;51016976;RØRLENGDE 250MM SORT Ø80 PMS25;443;ST;;;
106194;27809938;RØRLENGDE 250MM Ø100 PPL;228;ST;;;
106197;27809953;RØRLENGDE 250MM Ø130 PPL;318;ST;;;
106199;27809961;RØRLENGDE 250MM Ø150 PPL;345;ST;;;
106201;27809987;RØRLENGDE 250MM Ø180 PPL;384;ST;;;
106202;27809995;RØRLENGDE 250MM Ø200 PPL;502;ST;;;
100676;48844524;RØRLENGDE 250MM Ø250 BLANK ICS25;1044;ST;;;
106204;;RØRLENGDE 250MM Ø250 PPL;605;ST;;;
106205;48844615;RØRLENGDE 250MM Ø300 PPL;634;ST;;;
115438;;RØRLENGDE 25CM SORT Ø300 PM25;998;ST;;;
100721;;RØRLENGDE 270-375MM Ø350 BLANK ICS25;2136;ST;;;
100706;;RØRLENGDE 300/1000/0,6 BLANK ICS25;2630;ST;;;
106233;;RØRLENGDE 300/1000/0,6/316/-/PPL06;1281;ST;;;
100677;;RØRLENGDE 300/250/0,5 BLANK ICS25;883;ST;;;
100691;;RØRLENGDE 300/500/0,5 BLANK ICS25;1616;ST;;;
100707;;RØRLENGDE 350/1000/0,6/316S/BLANK/ICS25;3092;ST;;;
121187;;RØRLENGDE 350/205/0,6/444/SORT/PM50;1220;ST;;;
100678;;RØRLENGDE 350/250/0,5/316S/BLANK/ICS25;1250;ST;;;
121181;;RØRLENGDE 350/455/0,6/444/SORT/PM50;2472;ST;;;
100692;;RØRLENGDE 350/500/0,5/316S/BLANK/ICS25;1804;ST;;;
121176;;RØRLENGDE 350/955/0,6/444/SORT/PM50;3636;ST;;;
113624;;RØRLENGDE 375-585MM Ø350 BLANK ICS25;2494;ST;;;
113941;;RØRLENGDE 375-585MM Ø500 BLANK ICS25;4392;ST;;;
117698;;RØRLENGDE 400/1000/0,6/316/6L/PPL06;1856;ST;;;
100708;;RØRLENGDE 400/1000/0,6/316S/BLANK/ICS25;3960;ST;;;
100710;;RØRLENGDE 500/1000/0,6 BLANK ICS25;4752;ST;;;
100681;;RØRLENGDE 500/250/0,6 BLANK ICS25;1750;ST;;;
100695;;RØRLENGDE 500/500/0,6 BLANK ICS25;2811;ST;;;
116947;46702774;RØRLENGDE 500MM BLANK Ø120 PMS50;675;ST;;;
116713;45644234;RØRLENGDE 500MM BLANK Ø150 PMV25;1188;ST;;;
117806;45644620;RØRLENGDE 500MM BLANK Ø150 PMV50;1440;ST;;;
100690;48844577;RØRLENGDE 500MM BLANK Ø250 ICS25;1065;ST;;;
104782;48844581;RØRLENGDE 500MM BLANK Ø250 ICS50;2137;ST;;;
124051;;RØRLENGDE 500MM BØRSTET Ø200 PMS50;1702;ST;;;
115927;44677685;RØRLENGDE 500MM GRÅ Ø150 PMS25;805;ST;;;
115919;44677973;RØRLENGDE 500MM GRÅ Ø150 PMS50;993;ST;;;
116709;45644253;RØRLENGDE 500MM GRÅ Ø150 PMV25;952;ST;;;
117807;45644646;RØRLENGDE 500MM GRÅ Ø150 PMV50;1154;ST;;;
116725;44678298;RØRLENGDE 500MM GRÅ Ø200 PMS25;1094;ST;;;
116716;44678003;RØRLENGDE 500MM GRÅ Ø200 PMS50;1361;ST;;;
117328;;RØRLENGDE 500MM GRÅ Ø250 PM25;1451;ST;;;
118341;;RØRLENGDE 500MM GRÅ Ø250 PM25;1614;ST;;;
115935;44677693;RØRLENGDE 500MM HVIT Ø150 PMS25;805;ST;;;
115912;44677984;RØRLENGDE 500MM HVIT Ø150 PMS50;993;ST;;;
116708;45644264;RØRLENGDE 500MM HVIT Ø150 PMV25;952;ST;;;
117810;45644654;RØRLENGDE 500MM HVIT Ø150 PMV50;1154;ST;;;
116732;44678302;RØRLENGDE 500MM HVIT Ø200 PMS25;1094;ST;;;
116721;44678018;RØRLENGDE 500MM HVIT Ø200 PMS50;1361;ST;;;
117327;48844596;RØRLENGDE 500MM HVIT Ø250 PM25;1314;ST;;;
118342;48844600;RØRLENGDE 500MM HVIT Ø250 PM50;1633;ST;;;
100694;;RØRLENGDE 500MM ICS25 Ø450 BLANK;2443;ST;;;
115924;44677674;RØRLENGDE 500MM SORT Ø150 PMS25;805;ST;;;
115930;44677965;RØRLENGDE 500MM SORT Ø150 PMS50;993;ST;;;
116710;45644245;RØRLENGDE 500MM SORT Ø150 PMV25;952;ST;;;
117808;45644635;RØRLENGDE 500MM SORT Ø150 PMV50;1154;ST;;;
116722;44677704;RØRLENGDE 500MM SORT Ø200 PMS25;1094;ST;;;
116729;44677992;RØRLENGDE 500MM SORT Ø200 PMS50;1361;ST;;;
117322;47521944;RØRLENGDE 500MM SORT Ø250 PM25;1314;ST;;;
118338;47522073;RØRLENGDE 500MM SORT Ø250 PM50;1633;ST;;;
119466;;RØRLENGDE 500MM SORT Ø300 PM50;2047;ST;;;
146433;51016961;RØRLENGDE 500MM SORT Ø80 PMS25;563;ST;;;
106208;27810001;RØRLENGDE 500MM Ø100 PPL;292;ST;;;
106211;27810027;RØRLENGDE 500MM Ø130 PPL;377;ST;;;
106213;27810035;RØRLENGDE 500MM Ø150 PPL;464;ST;;;
100688;;RØRLENGDE 500MM Ø180 BLANK ICS26;1051;ST;;;
106215;27810050;RØRLENGDE 500MM Ø180 PPL;525;ST;;;
106216;27810068;RØRLENGDE 500MM Ø200 PPL;588;ST;;;
106218;;RØRLENGDE 500MM Ø250 PPL;987;ST;;;
106219;48844626;RØRLENGDE 500MM Ø300 PPL;998;ST;;;
117697;;RØRLENGDE 50CM SORT Ø300 PM25;1529;ST;;;
113870;;RØRLENGDE JUS 35,5-58,5 ICS25 Ø450 BLANK;3861;ST;;;
117775;;RØRLENGDE JUST 195-250MM Ø400BLANK ICS25;2736;ST;;;
100722;;RØRLENGDE JUST 270-375MM Ø400BLANK ICS25;3035;ST;;;
113731;;RØRLENGDE JUST 375-585MM Ø400BLANK ICS25;3313;ST;;;
100718;;RØRLENGDE JUST270-375MM Ø200 BLANK ICS25;1474;ST;;;
100720;;RØRLENGDE JUST270-375MM Ø300 BLANK ICS25;2031;ST;;;
100724;;RØRLENGDE JUST270-375MM Ø500 BLANK ICS25;3998;ST;;;
106286;27809102;RØRLENGDE JUSTERBART 100-400MM Ø100 PPL;747;ST;;;
106289;42250626;RØRLENGDE JUSTERBART 100-400MM Ø130 PPL;817;ST;;;
106291;27809128;RØRLENGDE JUSTERBART 100-400MM Ø150 PPL;894;ST;;;
106293;27809136;RØRLENGDE JUSTERBART 100-400MM Ø180 PPL;1011;ST;;;
106294;27809144;RØRLENGDE JUSTERBART 100-400MM Ø200 PPL;1033;ST;;;
115707;47930222;RØRLENGDE JUSTERBART GRÅ Ø150 PM25;1041;ST;;;
115705;;RØRLENGDE JUSTERBART HVIT Ø150 PM25;1041;ST;;;
115706;44375183;RØRLENGDE JUSTERBART SORT Ø150 PM25;1041;ST;;;
106296;48844634;RØRLENGDE JUSTERBART Ø250 PPL;1065;ST;;;
106297;48844645;RØRLENGDE JUSTERBART Ø300 PPL;1113;ST;;;
124035;48844683;RØRLENGDE M/SPJELD BØRSTET Ø150 PMS50;1953;ST;;;
124036;48844721;RØRLENGDE M/SPJELD BØRSTET Ø200 PMS50;2277;ST;;;
124044;48844653;RØRLENGDE M/SPJELD GRÅ Ø150 PMS50;1395;ST;;;
124045;48844698;RØRLENGDE M/SPJELD GRÅ Ø200 PMS50;1627;ST;;;
124041;48844664;RØRLENGDE M/SPJELD HVIT Ø150 PMS50;1395;ST;;;
124042;48844702;RØRLENGDE M/SPJELD HVIT Ø200 PMS50;1627;ST;;;
124038;48844672;RØRLENGDE M/SPJELD SORT Ø150 PMS50;1395;ST;;;
124039;48844717;RØRLENGDE M/SPJELD SORT Ø200 PMS50;1603;ST;;;
141910;49591106;RØRLENGDE Ø200 1000MM BLANK PMV25;2364;ST;;;
141922;49591220;RØRLENGDE Ø200 1000MM BLANK PMV50;2711;ST;;;
141908;49591080;RØRLENGDE Ø200 1000MM GRÅ PMV25;2055;ST;;;
141920;49591201;RØRLENGDE Ø200 1000MM GRÅ PMV50;2357;ST;;;
141909;49591095;RØRLENGDE Ø200 1000MM HVIT PMV25;2055;ST;;;
141921;49591216;RØRLENGDE Ø200 1000MM HVIT PMV50;2357;ST;;;
141907;49591076;RØRLENGDE Ø200 1000MM SORT PMV25;2055;ST;;;
141919;49591197;RØRLENGDE Ø200 1000MM SORT PMV50;2357;ST;;;
141918;49591182;RØRLENGDE Ø200 250MM BLANK PMV25;986;ST;;;
141930;49591303;RØRLENGDE Ø200 250MM BLANK PMV50;1153;ST;;;
141916;49591163;RØRLENGDE Ø200 250MM GRÅ PMV25;858;ST;;;
141928;49591284;RØRLENGDE Ø200 250MM GRÅ PMV50;1001;ST;;;
141917;49591178;RØRLENGDE Ø200 250MM HVIT PMV25;858;ST;;;
141929;49591292;RØRLENGDE Ø200 250MM HVIT PMV50;1001;ST;;;
141915;49591152;RØRLENGDE Ø200 250MM SORT PMV25;858;ST;;;
141927;49591273;RØRLENGDE Ø200 250MM SORT PMV50;1001;ST;;;
141914;49591144;RØRLENGDE Ø200 500MM BLANK PMV25;1420;ST;;;
141926;49591265;RØRLENGDE Ø200 500MM BLANK PMV50;1723;ST;;;
141912;49591125;RØRLENGDE Ø200 500MM GRÅ PMV25;1236;ST;;;
141924;49591246;RØRLENGDE Ø200 500MM GRÅ PMV50;1498;ST;;;
141913;49591133;RØRLENGDE Ø200 500MM HVIT PMV25;1236;ST;;;
141925;49591254;RØRLENGDE Ø200 500MM HVIT PMV50;1498;ST;;;
141911;49591114;RØRLENGDE Ø200 500MM SORT PMV25;1236;ST;;;
141923;49591235;RØRLENGDE Ø200 500MM SORT PMV50;1498;ST;;;
100679;;RØRLENGE 250MM Ø400 BLANK ICS25;1450;ST;;;
100693;;RØRLENGE 500MM CM Ø400 BLANK ICS25;2331;ST;;;
131076;48844736;RØRSETT JUSTERBART BLANK Ø150 PMV25;1199;ST;;;
141906;49591061;RØRSETT JUSTERBART Ø200 BLANK PMV25;1557;ST;;;
141904;49591042;RØRSETT JUSTERBART Ø200 GRÅ PMV25;1355;ST;;;
141905;49591057;RØRSETT JUSTERBART Ø200 HVIT PMV25;1355;ST;;;
141903;49591038;RØRSETT JUSTERBART Ø200 SORT PMV25;1355;ST;;;
900007781;;RØYKFANGE ELEMENT 130MM;738;ST;;;
900007775;;RØYKFANGE ELEMENT MED SKRÅ BAKKANTER;388;ST;;;
137002;24169617;RØYKINNFØRING 125-160;597;ST;;;
137000;11077609;RØYKINNFØRING 125-200;648;ST;;;
136999;24169625;RØYKINNFØRING 150-160;672;ST;;;
136998;21726492;RØYKINNFØRING 150-200;679;ST;;;
135313;;RØYKINNFØRING 150MM DM36 ISOKERN;672;ST;;;
135309;;RØYKINNFØRING 160MM DM44 Isokern;672;ST;;;
136997;21726500;RØYKINNFØRING 175-200;693;ST;;;
136996;21726518;RØYKINNFØRING 200-200;828;ST;;;
102725;25675281;RØYKINNFØRING CHAMOTTE Ø12;296;ST;;;
102726;25417403;RØYKINNFØRING CHAMOTTE Ø14;296;ST;;;
102727;25417494;RØYKINNFØRING CHAMOTTE Ø16;296;ST;;;
102728;25675299;RØYKINNFØRING CHAMOTTE Ø18;296;ST;;;
102729;25417585;RØYKINNFØRING CHAMOTTE Ø20;296;ST;;;
100339;25417734;RØYKINNFØRING CHAMOTTE Ø25;425;ST;;;
100340;25675307;RØYKINNFØRING CHAMOTTE Ø30;477;ST;;;
100420;21771969;RØYKINNFØRING FERDIGMONT 66CM Ø16;539;ST;;;
100421;;RØYKINNFØRING FERDIGMONT 66CM Ø18;539;ST;;;
100422;21772058;RØYKINNFØRING FERDIGMONT 66CM Ø20;604;ST;;;
100346;25417684;RØYKINNFØRING FERDIGMONT 66CM Ø25;1015;ST;;;
100347;25675737;RØYKINNFØRING FERDIGMONT 66CM Ø30;1250;ST;;;
135194;50876696;RØYKINNFØRING STÅL Ø150 ISOKERN;664;ST;;;
135305;;RØYKINNFØRING Ø130 DM44;672;ST;;;
135040;;RØYKINNFØRING Ø16 160MM EM;608;ST;;;
144274;50876715;RØYKRØR 1000MM Ø150 SORT;514;ST;;;
144272;50876734;RØYKRØR 250MM Ø150 SORT;177;ST;;;
144270;50876726;RØYKRØR 500MM Ø150 SORT;301;ST;;;
144406;50876802;RØYKRØR M/SPJELD Ø150 SORT;1012;ST;;;
135226;24169666;RØYKRØRSOVERGANG 125-160;932;ST;;;
137613;24169633;RØYKRØRSOVERGANG 125-200;935;ST;;;
135227;24169641;RØYKRØRSOVERGANG 150-200;915;ST;;;
135230;24169658;RØYKRØRSOVERGANG 200-195;895;ST;;;
136958;50693894;RØYKSUGER RS12;10379;ST;;;
136956;;RØYKSUGER RS14;14145;ST;;;
136961;50693886;RØYKSUGER RS9;9240;ST;;;
136960;;RØYKSUGER RS9 8-KANTET BﾆREPLATE;8855;ST;;;
136957;50693913;RØYKSUGER RSV12 VERTIKALBLÅSENDE;12900;ST;;;
136952;;RØYKSUGER RSV16 VERTIKALBLÅSENDE;15179;ST;;;
136959;50693905;RØYKSUGER RSV9 VERTIKALBLÅSENDE;11330;ST;;;
146643;51066343;RØYKVENDERPLATE NEDRE CURVE IG06-231;600;ST;;;
146645;51066218;RØYKVENDERPLATE ØVRE CURVE IG06-211;290;ST;;;
114125;46700322;SAUNA KIT - 2 ESKER Ø120 PMS50;4614;ST;;;
135544;46473401;SCHﾄDLER PLUS;666;ST;;;
146772;51150498;SERVERINGSPLATE WOODFOOD;481;ST;;;
136963;;SERVICEBRYTER 3-POLET REPSW2X16;1904;ST;;;
146657;51066286;SIDEGLASS CURVE 300 IG06-031;1222;ST;;;
136968;;SIKKERHETSBRYTER IP 55 10A;1760;ST;;;
136976;46261672;SKIFER FORBLENDING LOFOTEN Ø16;205;ST;;;
136970;46468433;SKIFER FORBLENDING LOFOTEN Ø16+Ø16;441;ST;;;
136974;46261702;SKIFER FORBLENDING LOFOTEN Ø20;194;ST;;;
136972;44100696;SKIFER FORBLENDING LOFOTEN Ø25;194;ST;;;
136975;46469322;SKIFER FORBLENDING VALDRES Ø16;205;ST;;;
136969;46469553;SKIFER FORBLENDING VALDRES Ø16-Ø16;441;ST;;;
136973;46469424;SKIFER FORBLENDING VALDRES Ø20;194;ST;;;
136971;42705982;SKIFER FORBLENDING VALDRES Ø25;194;ST;;;
106918;27811744;SKJØTESTYKKE Ø100 PPL;341;ST;;;
106920;27811868;SKJØTESTYKKE Ø130 PPL;375;ST;;;
109317;42251046;SKJØTESTYKKE Ø150 PPL;432;ST;;;
106923;27812098;SKJØTESTYKKE Ø180 PPL;491;ST;;;
106924;27812130;SKJØTESTYKKE Ø200 PPL;549;ST;;;
106926;;SKJØTESTYKKE Ø250 PPL;605;ST;;;
106927;48844766;SKJØTESTYKKE Ø300;656;ST;;;
135328;27812544;SKORSTENSLIM 25KG;277;ST;;;
130771;27812528;SKORSTENSLIM 5KG;98;ST;;;
149831;;SKRUER 6X90 017016090 008 100;6;ST;Ingen endring;;
149830;51951964;SKRUESETT KOMPLETT INNSATS;105;ST;Ingen endring;;
136947;;SOKKELBESLAG 10-45GR PMS/PMV;1782;ST;;;
101332;;SOKKELRØR M/DRENERING Ø450 BLANK ICS25;6679;ST;;;
135234;;SOTFANGER Ø20 RONDO;228;ST;;;
135235;25417759;SOTFANGER Ø25;279;ST;;;
135236;25417833;SOTFANGER Ø30;279;ST;;;
120735;41433616;SOT-FEIELUKE 18X30;745;ST;;;
102732;25675257;SOT-FEIELUKERAMME 18X30 Ø12;296;ST;;;
102733;25417395;SOT-FEIELUKERAMME 18X30 Ø14;296;ST;;;
102734;25417486;SOT-FEIELUKERAMME 18X30 Ø16;296;ST;;;
102735;25675265;SOT-FEIELUKERAMME 18X30 Ø18;296;ST;;;
102736;25417577;SOT-FEIELUKERAMME 18X30 Ø20;296;ST;;;
900000867;41422486;SOT-FEIELUKERØR 18X30 33CM Ø16 SV;431;ST;;;
900000869;44304820;SOT-FEIELUKERØR 18X30 33CM Ø20 SV;459;ST;;;
118772;46526283;SOTLUKE 18X18;673;ST;;;
102607;25417957;SOTLUKE 18X30 RONDO;673;ST;;;
135281;;SOTLUKE DM M/EKSTRA ISOLERING;848;ST;;;
135191;50876681;SOTLUKE RUND ISOKERN;842;ST;;;
147889;27812536;SOTLUKEELEMENT 36X36X25CM Ø16 NEM;1591;ST;;;
135141;46455825;SOTLUKEELEMENT 40X40X18,5 Ø16;222;ST;;;
147890;27812700;SOTLUKEELEMENT 40X40X25CM Ø20 NEM;1627;ST;;;
900007697;48062454;SOTLUKEELEMENT 40X76X18,5 SV Ø16+Ø16;295;ST;;;
135148;46455878;SOTLUKEELEMENT 44X44X18,5 Ø20 SV;241;ST;;;
135195;50876662;SOTLUKEELEMENT 44X44X19,5 ISOKERN;643;ST;;;
130726;;SOTLUKEELEMENT M/LUKE DM 44;1668;ST;;;
102720;46438276;SOTLUKERAMME 18X18 Ø16;296;ST;;;
102721;;SOTLUKERAMME 18X18 Ø18;296;ST;;;
102722;46438295;SOTLUKERAMME 18X18 Ø20;296;ST;;;
102621;25417726;SOTLUKERAMME 18X30 Ø25;440;ST;;;
109665;46415214;SOTLUKERØR 18X18 33CM Ø16 SV;510;ST;;;
118817;46965940;SOTLUKERØR 18X18 33CM Ø20 SV;548;ST;;;
100428;21771951;SOTLUKERØR 18X30 66CM Ø16 RONDO;504;ST;;;
100343;25417676;SOTLUKERØR 18X30 66CM Ø25;695;ST;;;
100344;25417791;SOTLUKERØR 18X30 66CM Ø30;1095;ST;;;
116979;;SOTLUKERØR 455MM HVIT Ø150 PMS50;2637;ST;;;
116985;45937935;SOTLUKERØR 455MM SORT Ø150 PMS50;2637;ST;;;
117896;47550296;SOTLUKERØR 455MM SORT Ø250 PM25;2975;ST;;;
118738;47522103;SOTLUKERØR 455MM SORT Ø250 PM50;3905;ST;;;
100429;25675711;SOTLUKERØR 66CM 18X30 Ø18;444;ST;;;
100430;21772041;SOTLUKERØR 66CM 18X30 Ø20;526;ST;;;
100924;48844812;SOTLUKERØR BLANK Ø250 ICS25;4490;ST;;;
100927;;SOTLUKERØR BLANK Ø400 ICS25;4697;ST;;;
116974;48844774;SOTLUKERØR GRÅ Ø150 PMS50;2637;ST;;;
120771;48844857;SOTLUKERØR GRÅ Ø150 PMV25;2475;ST;;;
120772;47285700;SOTLUKERØR GRÅ Ø150 PMV50;2441;ST;;;
116978;48844785;SOTLUKERØR GRÅ Ø200 PMS50;2870;ST;;;
117897;48844823;SOTLUKERØR GRÅ Ø250 PM25;3905;ST;;;
118739;48844895;SOTLUKERØR GRÅ Ø250 PM50;3905;ST;;;
120769;48844861;SOTLUKERØR HVIT Ø150 PMV25;2475;ST;;;
120770;47285715;SOTLUKERØR HVIT Ø150 PMV50;2441;ST;;;
116973;48844793;SOTLUKERØR HVIT Ø200 PMS50;2870;ST;;;
117898;48844838;SOTLUKERØR HVIT Ø250 PM25;3905;ST;;;
118737;48844925;SOTLUKERØR HVIT Ø250 PM50;3905;ST;;;
136933;27810894;SOTLUKERØR M/LUKE K 110X160 OVAL;1226;ST;;;
136935;27810878;SOTLUKERØR M/LUKE L 110X160 OVAL;1226;ST;;;
110650;27810282;SOTLUKERØR M/RUND LUKE Ø100 PPL;695;ST;;;
110651;27810308;SOTLUKERØR M/RUND LUKE Ø130 PPL;740;ST;;;
111020;27810316;SOTLUKERØR M/RUND LUKE Ø150 PPL;801;ST;;;
111641;27810332;SOTLUKERØR M/RUND LUKE Ø180 PPL;901;ST;;;
111614;27810340;SOTLUKERØR M/RUND LUKE Ø200 PPL;962;ST;;;
111661;46435741;SOTLUKERØR M/SKYVELUKE Ø100 PPL;695;ST;;;
112099;46435786;SOTLUKERØR M/SKYVELUKE Ø130 PPL;740;ST;;;
112313;46435824;SOTLUKERØR M/SKYVELUKE Ø150 PPL;801;ST;;;
112915;46435915;SOTLUKERØR M/SKYVELUKE Ø180 PPL;901;ST;;;
113097;46436320;SOTLUKERØR M/SKYVELUKE Ø200 PPL;962;ST;;;
111669;48844842;SOTLUKERØR RUND LUKE Ø250 PPL;1002;ST;;;
120767;48611553;SOTLUKERØR SORT Ø150 PMV25;2475;ST;;;
120768;47285696;SOTLUKERØR SORT Ø150 PMV50;2441;ST;;;
116989;48844804;SOTLUKERØR SORT Ø200 PMS50;2870;ST;;;
141940;49591375;SOTLUKERØR Ø200 500MM GRÅ PMV50;2993;ST;;;
141941;49591386;SOTLUKERØR Ø200 500MM HVIT PMV50;2993;ST;;;
141939;49591360;SOTLUKERØR Ø200 500MM SORT PMV50;2993;ST;;;
100926;;SOTLUKERØR Ø350 BLANK ICS25;3205;ST;;;
135299;;"SPJELD 20"" MAGNUM";1441;ST;;;
135300;;"SPJELL 24""/MAGNUM 30""";1367;ST;;;
130659;;"SPJELL 30"" / MAGNUM 36""";1389;ST;;;
124953;;"SPJELL 33""/MAGNUM 42""";1482;ST;;;
124967;;"SPJELL 36"" / MAGNUM 48""";1529;ST;;;
940001520;48777835;SPRAYLAKK GRÅ;235;ST;;;
940002418;48777820;SPRAYLAKK HVIT;235;ST;;;
940001517;48777816;SPRAYLAKK SORT;235;ST;;;
147457;51258162;SPRAYLAKK SORT RADIUS/CURVE;288;ST;;;
135136;;STARTELEMENT M/TILLUFT Ø100MM Ø16 SV;573;ST;;;
135145;44011637;STARTELEMENT M/TILLUFT Ø100MM Ø20 SV;609;ST;;;
135138;45569281;STARTELEMENT M/TILLUFT Ø80MM Ø16 SV;573;ST;;;
137011;45569485;STARTELEMENT M/TILLUFT Ø80MM Ø20 SV;609;ST;;;
124086;;STARTKOBLING 130/0,6/316/BLANK/PMS25;333;ST;;;
149474;51914520;STARTKOBLING ISOLERT Ø150 GRÅ PMS25;773;ST;;;
149498;51914546;STARTKOBLING ISOLERT Ø150 GRÅ PMS50;886;ST;;;
149478;51914656;STARTKOBLING ISOLERT Ø150 HVIT PMS25;773;ST;;;
149502;51914694;STARTKOBLING ISOLERT Ø150 HVIT PMS50;886;ST;;;
149470;51914637;STARTKOBLING ISOLERT Ø150 SORT PMS25;773;ST;;;
149494;51914675;STARTKOBLING ISOLERT Ø150 SORT PMS50;886;ST;;;
149476;51914535;STARTKOBLING ISOLERT Ø200 GRÅ PMS25;881;ST;;;
149500;51914554;STARTKOBLING ISOLERT Ø200 GRÅ PMS50;934;ST;;;
149480;51914660;STARTKOBLING ISOLERT Ø200 HVIT PMS25;881;ST;;;
149504;;STARTKOBLING ISOLERT Ø200 HVIT PMS50;934;ST;;;
149472;;STARTKOBLING ISOLERT Ø200 SORT PMS25;881;ST;;;
149496;51914686;STARTKOBLING ISOLERT Ø200 SORT PMS50;934;ST;;;
142686;51920873;STARTKOBLING METEOR JUPITER GRÅ;830;ST;;;
142687;51920884;STARTKOBLING METEOR JUPITER HVIT;830;ST;;;
142685;51920865;STARTKOBLING METEOR JUPITER SORT;830;ST;;;
135903;;STARTKOBLING PEIS Ø200;1042;ST;;;
135904;;STARTKOBLING PEIS Ø250;1078;ST;;;
124116;51157377;STARTKOBLING RADIUS-CURVE GRÅ;830;ST;;;
124117;51157381;STARTKOBLING RADIUS-CURVE HVIT;830;ST;;;
124115;47713332;STARTKOBLING RADIUS-CURVE SORT;830;ST;;;
124087;41612409;STARTKOBLING Ø150;362;ST;;;
124089;46465682;STARTKOBLING Ø200;385;ST;;;
124090;47522016;STARTKOBLING Ø250;429;ST;;;
127684;;STARTMODUL DM Ø13-20;101;ST;;;
135137;46452817;STARTPALL Ø16 SV;3837;ST;;;
135146;46452904;STARTPALL Ø20 SV;4471;ST;;;
142354;50990058;STARTRØR TILLUFT BLANK Ø150 PMV;1071;ST;;;
142352;50990032;STARTRØR TILLUFT GRÅ Ø150 PMV;849;ST;;;
142353;50990043;STARTRØR TILLUFT HVIT Ø150 PMV;849;ST;;;
114196;45644355;STARTRØR TILLUFT RUND BLANK Ø150 PMV;1042;ST;;;
141902;49591023;STARTRØR TILLUFT RUND BLANK Ø200 PMV;1452;ST;;;
114220;45644374;STARTRØR TILLUFT RUND GRÅ Ø150 PMV;849;ST;;;
141900;49591004;STARTRØR TILLUFT RUND GRÅ Ø200 PMV;1161;ST;;;
114221;50662761;STARTRØR TILLUFT RUND HVIT Ø150 PMV;849;ST;;;
141901;49591012;STARTRØR TILLUFT RUND HVIT Ø200 PMV;1161;ST;;;
114219;45644366;STARTRØR TILLUFT RUND SORT Ø150 PMV;849;ST;;;
141899;49590993;STARTRØR TILLUFT RUND SORT Ø200 PMV;1161;ST;;;
142351;50990024;STARTRØR TILLUFT SORT Ø150 PMV;849;ST;;;
115323;;STARTRØR UISO 1000MM SORT Ø130 PMS50;1789;ST;;;
115768;44678525;STARTRØR UISO 1000MM SORT Ø150 PMS25;2101;ST;;;
115331;44678616;STARTRØR UISO 1000MM SORT Ø150 PMS50;2189;ST;;;
115345;44678620;STARTRØR UISO 1000MM SORT Ø200 PMS50;2827;ST;;;
115328;48844944;STARTRØR UISOLERT GRÅ Ø150 PMS50;2189;ST;;;
115334;48844963;STARTRØR UISOLERT GRÅ Ø200 PMS50;2827;ST;;;
115336;48844952;STARTRØR UISOLERT HVIT Ø150 PMS50;2189;ST;;;
115338;48844978;STARTRØR UISOLERT HVIT Ø200 PMS50;2827;ST;;;
940002674;;STATIV SHOP IN SHOP PM;858;ST;;;
136966;;STILLESKRUER M/GUMMIFOT SETT;248;ST;;;
142597;51066453;STRAMMEBÅND/670/0,5/441/MATT;122;ST;;;
102609;50876700;STØPEMASSE FOR ARMERING ISOKERN;389;ST;;;
127705;;STØTTERING 22,5CM;65;ST;;;
146814;51914516;STØTTESTAG BLANK;1658;PAR;;;
147429;52003734;STØTTESTAG SORT;1658;PAR;;;
149857;51952214;STÅLPLATE 1MM 45X119 SATURN/URANUS;500;ST;Ingen endring;;
149852;51952161;STÅLPLATE 1MM 45X49 JUPITER;500;ST;Ingen endring;;
149853;51952176;STÅLPLATE 1MM 45X59 VENUS;500;ST;Ingen endring;;
149854;51952180;STÅLPLATE 1MM 45X69 MARS;500;ST;Ingen endring;;
149855;51952195;STÅLPLATE 1MM 45X79 MERKUR;500;ST;Ingen endring;;
149856;51952206;STÅLPLATE 1MM 45X99 TELLUS;500;ST;Ingen endring;;
136138;;STÅLRØR 110X155MM OVAL FLEX;1650;M;;;
130732;;TAK TIL TOPPRING DM54;718;ST;;;
100965;44810133;TAKFORANKRING BLANK Ø250 ICS25;762;ST;;;
100967;49433943;TAKFORANKRING BLANK Ø300;912;ST;;;
100968;47522277;TAKFORANKRING BLANK Ø350 ICS25;1015;ST;;;
100963;;TAKFORANKRING Ø200 BLANK ICS25;592;ST;;;
100964;;TAKFORANKRING Ø230 BLANK;752;ST;;;
113120;;TAKFORANKRING Ø400 BLANK;1106;ST;;;
121342;47459678;TAKGJENNOMFØRING Ø250;1542;ST;;;
121343;46965240;TAKGJENNOMFØRING Ø300;1405;ST;;;
143251;49982376;TAKGJENNOMFØRING Ø350;1688;ST;;;
129789;;TAKOPPHENG ICS25 Ø500 (ICS25 Ø450) BLANK;727;ST;;;
129938;;TAKOPPHENG ICS25 Ø550 (ICS25 Ø500);842;ST;;;
112863;;TAKOPPHENG Ø400 (FOR ICS25 DN350);592;ST;;;
112864;;TAKOPPHENG Ø450 (ICS25 Ø400);653;ST;;;
144028;50378122;TELESKOPISK HELTEKKENDE BESLAG DEL 2;1914;ST;;;
137014;42169256;TETTEFOLIE Ø16;556;ST;;;
137010;43670245;TETTEFOLIE Ø16+Ø16 SV;672;ST;;;
146482;50956844;TETTEMANSJETT SORT Ø125;214;ST;;;
136939;43670385;TETTEMANSJETT SORT Ø250;423;ST;;;
136945;45860863;TETTEMANSJETT SORT Ø300/Ø350;547;ST;;;
143043;49593933;TETTEMANSJETT Ø350-delete;579;ST;;;
135135;47262460;THERMOELEMENT 40X40X30 Ø16 SV;1258;ST;;;
135144;47262475;THERMOELEMENT 44x44x30 Ø20 SV;1314;ST;;;
135151;47262486;THERMOELEMENT 76x40x30 Ø16+Ø16 SV;2314;ST;;;
142608;;TILBEHØR WOODFOOD A-TYPE;1;ST;;;
142379;49537721;TILLUFTADAPTER 80/-/0,5/304/BLANK/PMSA25;300;ST;;;
142377;49537702;TILLUFTADAPTER 80/-/0,5/304/GRÅ/PMSA25;241;ST;;;
142378;49537717;TILLUFTADAPTER 80/-/0,5/304/HVIT/PMSA25;241;ST;;;
135124;45570957;TILLUFTADAPTER 80MM;142;ST;;;
142376;49537698;TILLUFTADAPTER 80MM SORT PMV;241;ST;;;
137064;41618786;TILLUFTADAPTER Ø100MM;145;ST;;;
142362;50990134;TILLUFTKANAL BLANK Ø150 PMV;2799;ST;;;
142360;50990115;TILLUFTKANAL GRÅ Ø150 PMV;2240;ST;;;
142361;50990126;TILLUFTKANAL HVIT Ø150 PMV;2240;ST;;;
142366;50990172;TILLUFTKANAL LANG BLANK Ø150 PMV;3111;ST;;;
142364;50990153;TILLUFTKANAL LANG GRÅ Ø150 PMV;2491;ST;;;
142365;50990164;TILLUFTKANAL LANG HVIT Ø150 PMV;2491;ST;;;
117737;45644506;TILLUFTKANAL LANG RUND BLANK Ø150 PMV;3111;ST;;;
117744;45644525;TILLUFTKANAL LANG RUND GRÅ Ø150 PMV;2491;ST;;;
117745;45644533;TILLUFTKANAL LANG RUND HVIT Ø150 PMV;2491;ST;;;
117743;45644514;TILLUFTKANAL LANG RUND SORT Ø150 PMV;2491;ST;;;
142363;50990145;TILLUFTKANAL LANG SORT Ø150 PMV;2491;ST;;;
117746;45644461;TILLUFTKANAL RUND BLANK Ø150 PMV;2799;ST;;;
117735;45644480;TILLUFTKANAL RUND GRÅ Ø150 PMV;2240;ST;;;
117741;45644495;TILLUFTKANAL RUND HVIT Ø150 PMV;2240;ST;;;
117734;45644476;TILLUFTKANAL RUND SORT Ø150 PMV;2240;ST;;;
142359;50990100;TILLUFTKANAL SORT Ø150 PMV;2240;ST;;;
900007776;;TOPP PLATE Ø225MM HULL;649;ST;;;
135088;;TOPPAVDEKNING DM44;358;ST;;;
135106;;TOPPAVDEKNING DM80;680;ST;;;
137003;44573506;TOPPAVDEKNING M/PIPEHATT Ø30;3174;ST;;;
137621;50378065;TOPPAVDEKNING PIPEHATT DEL 3;1281;ST;;;
148904;;TOPPAVDEKNING PIPEHATT DEL 3 Ø250;1413;ST;;;
135128;41147562;TOPPAVDEKNING Ø16 SV;1208;ST;;;
135130;42445972;TOPPAVDEKNING Ø16+Ø16 SV;2662;ST;;;
135164;27813690;TOPPAVDEKNING Ø20;1208;ST;;;
135166;27813963;TOPPAVDEKNING Ø20+Ø20 RONDO;2662;ST;;;
135185;25417700;TOPPAVDEKNING Ø25;1464;ST;;;
136129;;TOPPAVSLUTNING 110X155MM OVAL FLEX;953;ST;;;
109932;;TOPPAVSLUTNING 150/0,6/BL/PM50;305;ST;;;
109934;;TOPPAVSLUTNING 200/0,6/BL/PM50;338;ST;;;
109929;;TOPPAVSLUTNING 250/0,6/BL/PM50;370;ST;;;
145488;51019284;TOPPAVSLUTNING GRÅ Ø150 PMS50;344;ST;;;
145495;51019356;TOPPAVSLUTNING GRÅ Ø150 PMV50;647;ST;;;
145489;51019292;TOPPAVSLUTNING GRÅ Ø200 PMS50;396;ST;;;
145496;51019360;TOPPAVSLUTNING GRÅ Ø200 PMV50;767;ST;;;
145490;51019303;TOPPAVSLUTNING GRÅ Ø250 PMS50;435;ST;;;
145484;51019254;TOPPAVSLUTNING HVIT Ø150 PMS50;344;ST;;;
145493;51019337;TOPPAVSLUTNING HVIT Ø150 PMV50;647;ST;;;
145485;51019265;TOPPAVSLUTNING HVIT Ø200 PMS50;396;ST;;;
145494;51019341;TOPPAVSLUTNING HVIT Ø200 PMV50;767;ST;;;
145486;51019273;TOPPAVSLUTNING HVIT Ø250 PMS50;435;ST;;;
145480;51019220;TOPPAVSLUTNING SORT Ø150 PMS50;344;ST;;;
145491;51019318;TOPPAVSLUTNING SORT Ø150 PMV50;647;ST;;;
145481;51019235;TOPPAVSLUTNING SORT Ø200 PMS50;396;ST;;;
145492;51019322;TOPPAVSLUTNING SORT Ø200 PMV50;767;ST;;;
145482;51019246;TOPPAVSLUTNING SORT Ø250 PMS50;435;ST;;;
102782;;TOPPBOLT TIL SV TOPPAVDEKNING;136;ST;;;
136982;23092935;TOPPLATÅ SORT;1062;ST;;;
130675;;TOPPRING DM44;657;ST;;;
135093;;TOPPRING DM54;951;ST;;;
130676;;TOPPRING DM80;1515;ST;;;
142601;49557003;TREKK CLASSICO WOODFOOD;1526;ST;;;
142602;49557018;TREKK GRANDE WOODFOOD;2693;ST;;;
142600;49557022;TREKK PICCOLO WOODFOOD;979;ST;;;
104122;50360845;TREKKEMASSE SCHIEDEL LIGHT 20KG/50L;418;ST;;;
109838;;TREKKPLUGG Ø100 PPL;326;ST;;;
109961;46384535;TREKKPLUGG Ø130 PPL;344;ST;;;
110125;46384565;TREKKPLUGG Ø150 PPL;392;ST;;;
110395;46384618;TREKKPLUGG Ø180 PPL;438;ST;;;
110513;46384637;TREKKPLUGG Ø200 PPL;463;ST;;;
113581;;T-RØR  Ø250/90/0,6/316/BLANK/ICS50;4096;ST;;;
137726;49082513;T-RØR 150/90/0,6/444/BL/PMSA25;2302;ST;;;
137727;49082494;T-RØR 150/90/0,6/444/GY/PMSA25;2302;ST;;;
137728;49082505;T-RØR 150/90/0,6/444/WH/PMSA25;2302;ST;;;
117306;;T-RØR 200/90/0,6/444/GRÅ/PMS25;2900;ST;;;
145429;51052574;T-RØR 200/90/0,6/444/GRÅ/PMS25;2900;ST;;;
100887;;T-RØR 350/90/0,6/316S/BLANK/ICS25;3914;ST;;;
118248;46546515;T-RØR 45G SORT Ø150 PMS50;2763;ST;;;
118257;47522262;T-RØR 45G SORT Ø200 PMS50;4148;ST;;;
104919;;T-RØR 90G BLANK Ø150 ICS50;2647;ST;;;
104922;;T-RØR 90G BLANK Ø250 ICS50;4490;ST;;;
145423;44677825;T-RØR 90G GRÅ Ø150 PMS25;2253;ST;;;
145447;44678245;T-RØR 90G GRÅ Ø150 PMS50;2302;ST;;;
145453;44678582;T-RØR 90G GRÅ Ø200 PMS50;2995;ST;;;
117954;48844880;T-RØR 90G GRÅ Ø250 PM25;3479;ST;;;
113711;48844906;T-RØR 90G GRÅ Ø250 PM50;3592;ST;;;
145424;44677833;T-RØR 90G HVIT Ø150 PMS25;2253;ST;;;
145448;44678253;T-RØR 90G HVIT Ø150 PMS50;2302;ST;;;
145430;44677863;T-RØR 90G HVIT Ø200 PMS25;2900;ST;;;
145454;44678597;T-RØR 90G HVIT Ø200 PMS50;2995;ST;;;
117949;48844914;T-RØR 90G HVIT Ø250 PM25;3479;ST;;;
113588;48844933;T-RØR 90G HVIT Ø250 PM50;3592;ST;;;
145422;44677814;T-RØR 90G SORT Ø150 PMS25;2253;ST;;;
145446;44678234;T-RØR 90G SORT Ø150 PMS50;2302;ST;;;
145428;44677844;T-RØR 90G SORT Ø200 PMS25;2900;ST;;;
145452;44678578;T-RØR 90G SORT Ø200 PMS50;2995;ST;;;
117945;47521963;T-RØR 90G SORT Ø250 PM25;3479;ST;;;
113589;47522137;T-RØR 90G SORT Ø250 PM50;3592;ST;;;
100904;;T-RØR 90GR M/INSP.LUKE Ø500 BLANK ICS25;8050;ST;;;
136934;27810886;T-RØR K 110X160 OVAL;1226;ST;;;
136936;27810860;T-RØR L 110X160 OVAL;1226;ST;;;
141934;49591341;T-RØR Ø200 90GR GRÅ PMV25;3137;ST;;;
141935;49591356;T-RØR Ø200 90GR HVIT PMV25;3137;ST;;;
141933;49591337;T-RØR Ø200 90GR SORT PMV25;3137;ST;;;
136964;50693924;TRÅDLØS STYRING FOR RØYKSUGER EW41;7490;ST;;;
111044;27810480;T-STYKKE M/LØS NESE Ø100 PPL;630;ST;;;
111527;27810514;T-STYKKE M/LØS NESE Ø130 PPL;715;ST;;;
110759;27810522;T-STYKKE M/LØS NESE Ø150 PPL;863;ST;;;
112538;27810555;T-STYKKE M/LØS NESE Ø180 PPL;975;ST;;;
113133;27810563;T-STYKKE M/LØS NESE Ø200 PPL;1099;ST;;;
115360;;T-STYKKE M/LØS NESE Ø250 PPL;1335;ST;;;
144030;50378084;UNDERBESLAG 0-13GR DEL 1;1270;ST;;;
135877;27814037;UNDERBESLAG M STØTTE 0-45GR Ø180-Ø350;677;ST;;;
144027;50378118;UNDERBESLAG-OVERBESLAG 10-45GR DEL 1;1699;ST;;;
146506;50956852;UNDERBESLAG-OVERBESLAG MØNE DEL 1;2144;ST;;;
105436;;UTSKJERINGSMAL KERANOVA T-RØR Ø18;742;ST;;;
135139;;UTSTILLINGSMODELL M/HJUL Ø16 SV;2229;ST;;;
146644;51066203;VARMESKJOLD CURVE IG06-311;334;ST;;;
146664;51066324;VARMESKJOLD RADIUS IG08-081;245;ST;;;
149859;51953633;VEDKASSE RF TILLEGG A-TYPE;5922;ST;Ingen endring;;
149858;51953625;VEDKASSE SORT TILLEGG A-TYPE;5061;ST;Ingen endring;;
101745;;VEGGBRAKETT 620MM ICS25 BLANK;1450;ST;;;
101746;;VEGGBRAKETT 720MM BLANK;1667;ST;;;
101744;;VEGGBRAKETT Ø500 BLANK ICS25;3296;PAR;;;
101736;;VEGGFESTE W2 176/-/-/304/BLANK;429;PAR;;;
112831;;VEGGFORANKRING 450/0,5/SORT;1152;ST;;;
111735;45643852;VEGGFORANKRING 60-100MM BLANK Ø300;1203;ST;;;
111518;44584237;VEGGFORANKRING 60-100MM GRÅ Ø250;762;ST;;;
111728;45643878;VEGGFORANKRING 60-100MM GRÅ Ø300;962;ST;;;
111727;45643882;VEGGFORANKRING 60-100MM HVIT Ø300;962;ST;;;
111273;44581997;VEGGFORANKRING 60-100MM SORT Ø200;592;ST;;;
111520;41612599;VEGGFORANKRING 60-100MM SORT Ø250;762;ST;;;
111723;45643863;VEGGFORANKRING 60-100MM SORT Ø300;962;ST;;;
112379;47521861;VEGGFORANKRING 60-100MM SORT Ø350;1086;ST;;;
112571;;VEGGFORANKRING 60-100MM Ø400 SORT;1211;ST;;;
124079;;VEGGFORANKRING 75-300MM Ø250 SORT;864;ST;;;
111515;48844997;VEGGFORANKRING BLANK Ø250;875;ST;;;
112369;48845016;VEGGFORANKRING BLANK Ø350;1336;ST;;;
111271;48844982;VEGGFORANKRING GRÅ Ø200;592;ST;;;
112375;48845020;VEGGFORANKRING GRÅ Ø350;1163;ST;;;
111514;48845001;VEGGFORANKRING HVIT Ø250;762;ST;;;
112373;48845035;VEGGFORANKRING HVIT Ø350;1163;ST;;;
115423;;VEGGFORANKRING Ø400 BLANK;622;ST;;;
115879;;VEGGFORANKRING Ø450 BLANK (ICS25 Ø400);880;ST;;;
101274;;VEGGFORANKRING Ø500 BLANK ICS25;1082;ST;;;
116484;;VEGGFORANKRING Ø550 BLANK;1082;ST;;;
115774;47522224;VEGGKONSOLL 200/-/-/304/SORT;2135;PAR;;;
101050;;VEGGKONSOLL 400/-/-/304/BLANK;1941;PAR;;;
101047;48845046;VEGGKONSOLL BLANK Ø250;2233;PAR;;;
101048;48845065;VEGGKONSOLL BLANK Ø300;3096;PAR;;;
101049;48845092;VEGGKONSOLL BLANK Ø350;3378;PAR;;;
116180;47930362;VEGGKONSOLL GRÅ Ø250;1765;PAR;;;
116303;48845073;VEGGKONSOLL GRÅ Ø300;2692;PAR;;;
116300;48845103;VEGGKONSOLL GRÅ Ø350;2938;PAR;;;
116179;48845054;VEGGKONSOLL HVIT Ø250;1765;PAR;;;
116299;48845084;VEGGKONSOLL HVIT Ø300;2747;PAR;;;
116587;48845118;VEGGKONSOLL HVIT Ø350;2938;PAR;;;
116178;51254605;VEGGKONSOLL SORT Ø250;1765;PAR;;;
116304;51074338;VEGGKONSOLL SORT Ø300;2048;PAR;;;
116578;47522232;VEGGKONSOLL SORT Ø350;2561;PAR;;;
145538;;VEGGKONSOLL Ø400 BLANK ICS25;2679;ST;;;
101052;;VEGGKONSOLL Ø500 BLANK ICS25;3296;PAR;;;
101053;;VEGGKONSOLL Ø550 BLANK ICS25;3296;ST;;;
101054;;VEGGKONSOLL Ø600 BLANK;3587;ST;;;
110867;;VEGGRING 250/0,5/316/BLANK/ICS25;663;ST;;;
149863;51952233;VENTILRIST HVIT 120X430X50MM;1345;ST;Ingen endring;;
149864;51952244;VENTILRIST RF 120X430X50MM;1574;ST;Ingen endring;;
149862;51952225;VENTILRIST SORT 120X430X50MM;1345;ST;Ingen endring;;
148592;51537500;VENTILRIST UTV. MÅL 100X270MM HVIT;1205;ST;Ingen endring;;
148590;51537481;VENTILRIST UTV. MÅL 100X270MM RF;1410;ST;Ingen endring;;
148588;51537462;VENTILRIST UTV. MÅL 100X270MM SORT;1205;ST;Ingen endring;;
148591;51537496;VENTILRIST UTV. MÅL 100X485MM HVIT;1345;ST;Ingen endring;;
148589;51537477;VENTILRIST UTV. MÅL 100X485MM RF;1574;ST;Ingen endring;;
148587;51537458;VENTILRIST UTV. MÅL 100X485MM SORT;1345;ST;Ingen endring;;
142607;49556973;VERKTØYSETT WOODY WOODFOOD;2285;ST;;;
136102;25675224;VERMIKULIT 100 LITER 3-8MM;452;ST;;;
135296;25675315;VINSJ;24998;ST;;;
135547;;WAKAFLEX TETTEBAND 5000/280 RØD;1461;RUL;;;
135546;21282280;WAKAFLEX TETTEBAND 5000/280 SORT;1461;RUL;;;
135297;25675679;WIRE TIL VINSJ;3128;ST;;;
110539;48845137;WIREFESTE GRÅ Ø350;962;ST;;;
110658;48845122;WIREFESTE HVIT Ø250;741;ST;;;
110540;48845141;WIREFESTE HVIT Ø350;962;ST;;;
110538;48845156;WIREFESTE SORT Ø350;962;ST;;;
100644;;WIREFESTE U/WIRE BLANK Ø250;1058;ST;;;
100646;45643946;WIREFESTE U/WIRE BLANK Ø300;1176;ST;;;
110657;47930120;WIREFESTE U/WIRE GRÅ Ø250;741;ST;;;
110919;45643965;WIREFESTE U/WIRE GRÅ Ø300;941;ST;;;
110920;;WIREFESTE U/WIRE HVIT Ø300;941;ST;;;
110668;43670412;WIREFESTE U/WIRE SORT Ø250;741;ST;;;
110918;45643954;WIREFESTE U/WIRE SORT Ø300;941;ST;;;
103858;27813906;WIRESETT TIL ETASJEPIPER;1146;PAK;;;
146799;27812510;YTTERELEMENT 36X36X25CM Ø16 NEM;232;ST;;;
133289;21771910;YTTERELEMENT 39X39X33 Ø16 RONDO;166;ST;;;
135132;47992416;YTTERELEMENT 40X40X24 CM Ø16 SV;132;ST;;;
146798;27812627;YTTERELEMENT 40X40X25CM Ø20 NEM;261;ST;;;
135170;21772066;YTTERELEMENT 43X43X33 Ø20 RONDO;205;ST;;;
135142;43935114;YTTERELEMENT 44x44X20,5 Ø20 SV;141;ST;;;
130727;51066464;YTTERELEMENT 44X44X30CM DM;214;ST;;;
100357;25417692;YTTERELEMENT 48X48X33 Ø25;351;ST;;;
130708;;YTTERELEMENT 54X54X30CM DM;341;ST;;;
100360;25417809;YTTERELEMENT 55X55X33 Ø30 RONDO;443;ST;;;
135150;42445934;YTTERELEMENT 76X40X20,5 Ø16 SV;249;ST;;;
135177;21772140;YTTERELEMENT 82X43X43 Ø20 RONDO;370;ST;;;
135101;;YTTERELEMENT DM80 44X80;384;ST;;;